Date,Impressions,Clicks,CTR,Average position
2025-01-01,14573,600,4.12,7.8
2025-01-02,14310,604,4.22,8.6
2025-01-03,13557,574,4.23,8.9
2025-01-04,13299,603,4.53,8.8
2025-01-05,13614,611,4.49,8.6
2025-01-06,15268,678,4.44,8.3
2025-01-07,15481,597,3.86,8.3
2025-01-08,14346,624,4.35,8.5
2025-01-09,14555,632,4.34,9.0
2025-01-10,14575,653,4.48,8.2
2025-01-11,12231,549,4.49,8.6
2025-01-12,14055,573,4.08,8.3
2025-01-13,14755,618,4.19,7.9
2025-01-14,14417,598,4.15,8.6
2025-01-15,13820,619,4.48,8.6
2025-01-16,12631,545,4.31,8.4
2025-01-17,12703,493,3.88,8.2
2025-01-18,11450,495,4.32,8.5
2025-01-19,12191,541,4.44,8.4
2025-01-20,14608,576,3.94,8.3
2025-01-21,14741,650,4.41,8.4
2025-01-22,14287,645,4.51,8.6
2025-01-23,13129,523,3.98,8.6
2025-01-24,12705,550,4.33,8.5
2025-01-25,11518,502,4.36,8.0
2025-01-26,12378,537,4.34,8.7
2025-01-27,14359,611,4.26,8.7
2025-01-28,13662,620,4.54,8.0
2025-01-29,13388,518,3.87,8.4
2025-01-30,12641,538,4.26,8.6
2025-01-31,12826,561,4.37,8.7
2025-02-01,9138,354,3.87,8.4
2025-02-02,10514,459,4.37,7.8
2025-02-03,11445,474,4.14,8.1
2025-02-04,11176,454,4.06,8.3
2025-02-05,11157,520,4.66,8.6
2025-02-06,10376,441,4.25,8.0
2025-02-07,10822,471,4.35,8.4
2025-02-08,9153,395,4.32,8.9
2025-02-09,9878,424,4.29,8.6
2025-02-10,11970,475,3.97,8.9
2025-02-11,10572,453,4.28,8.8
2025-02-12,10872,446,4.1,8.0
2025-02-13,9875,439,4.45,8.1
2025-02-14,9774,403,4.12,8.3
2025-02-15,9381,383,4.08,8.5
2025-02-16,10077,401,3.98,8.2
2025-02-17,12081,507,4.2,8.1
2025-02-18,10981,435,3.96,8.7
2025-02-19,11162,463,4.15,8.1
2025-02-20,10278,411,4.0,8.6
2025-02-21,9137,374,4.09,8.2
2025-02-22,9161,397,4.33,8.2
2025-02-23,10733,459,4.28,8.5
2025-02-24,12229,541,4.42,8.4
2025-02-25,10822,439,4.06,8.6
2025-02-26,10220,425,4.16,9.3
2025-02-27,10500,456,4.34,8.3
2025-02-28,9740,379,3.89,8.6
2025-03-01,8731,356,4.08,8.5
2025-03-02,9026,359,3.98,8.7
2025-03-03,10869,451,4.15,8.3
2025-03-04,9994,398,3.98,8.8
2025-03-05,9958,404,4.06,8.8
2025-03-06,9303,373,4.01,8.8
2025-03-07,9263,360,3.89,8.3
2025-03-08,9716,390,4.01,8.4
2025-03-09,9381,415,4.42,7.9
2025-03-10,11555,476,4.12,8.7
2025-03-11,8911,353,3.96,8.9
2025-03-12,10763,457,4.25,8.2
2025-03-13,10146,407,4.01,8.8
2025-03-14,9879,405,4.1,8.4
2025-03-15,8657,344,3.97,8.2
2025-03-16,9537,454,4.76,8.3
2025-03-17,11339,503,4.44,8.9
2025-03-18,10733,470,4.38,8.7
2025-03-19,9579,367,3.83,8.7
2025-03-20,10103,415,4.11,8.4
2025-03-21,10363,383,3.7,8.8
2025-03-22,8697,349,4.01,8.7
2025-03-23,9322,415,4.45,8.8
2025-03-24,10812,447,4.13,8.6
2025-03-25,10131,414,4.09,8.7
2025-03-26,9529,361,3.79,8.6
2025-03-27,9300,397,4.27,8.3
2025-03-28,9194,395,4.3,8.3
2025-03-29,8063,377,4.68,8.7
2025-03-30,8677,355,4.09,8.4
2025-03-31,11609,489,4.21,8.8
2025-04-01,10270,416,4.05,8.3
2025-04-02,10019,381,3.8,8.5
2025-04-03,9847,337,3.42,8.3
2025-04-04,9090,332,3.65,8.6
2025-04-05,8107,334,4.12,8.5
2025-04-06,9664,433,4.48,8.4
2025-04-07,9995,400,4.0,8.2
2025-04-08,9566,412,4.31,8.5
2025-04-09,9450,371,3.93,8.5
2025-04-10,8583,357,4.16,8.9
2025-04-11,8584,351,4.09,8.3
2025-04-12,8794,353,4.01,8.2
2025-04-13,8903,345,3.88,9.0
2025-04-14,10452,435,4.16,8.3
2025-04-15,9142,372,4.07,8.6
2025-04-16,8732,376,4.31,8.5
2025-04-17,9369,365,3.9,8.5
2025-04-18,9058,370,4.08,8.3
2025-04-19,7895,349,4.42,8.3
2025-04-20,8930,377,4.22,8.4
2025-04-21,10964,440,4.01,8.5
2025-04-22,8995,377,4.19,8.1
2025-04-23,9326,377,4.04,8.5
2025-04-24,10557,464,4.4,8.8
2025-04-25,9317,395,4.24,8.5
2025-04-26,8127,315,3.88,9.3
2025-04-27,9470,361,3.81,8.1
2025-04-28,10289,375,3.64,8.0
2025-04-29,10240,421,4.11,9.2
2025-04-30,9327,392,4.2,8.6
2025-05-01,10201,426,4.18,8.9
2025-05-02,10871,402,3.7,9.3
2025-05-03,8178,299,3.66,9.0
2025-05-04,8361,296,3.54,8.4
2025-05-05,11821,430,3.64,9.4
2025-05-06,10518,405,3.85,9.0
2025-05-07,9745,391,4.01,8.5
2025-05-08,10680,368,3.45,8.3
2025-05-09,10228,392,3.83,8.7
2025-05-10,8272,341,4.12,9.3
2025-05-11,9911,371,3.74,8.8
2025-05-12,11007,439,3.99,8.5
2025-05-13,10648,403,3.78,8.9
2025-05-14,9535,337,3.53,9.2
2025-05-15,9900,390,3.94,8.0
2025-05-16,10341,409,3.96,9.2
2025-05-17,7863,309,3.93,8.3
2025-05-18,9838,355,3.61,9.1
2025-05-19,11204,393,3.51,8.7
2025-05-20,10030,318,3.17,8.4
2025-05-21,10608,434,4.09,9.1
2025-05-22,9400,389,4.14,8.6
2025-05-23,9733,372,3.82,8.9
2025-05-24,8229,278,3.38,9.4
2025-05-25,9641,349,3.62,8.8
2025-05-26,11660,418,3.58,8.5
2025-05-27,10672,394,3.69,8.5
2025-05-28,10027,394,3.93,9.2
2025-05-29,10114,436,4.31,8.8
2025-05-30,8651,319,3.69,8.9
2025-05-31,8309,275,3.31,9.1
2025-06-01,9711,340,3.5,9.3
2025-06-02,10766,381,3.54,9.7
2025-06-03,10962,367,3.35,8.9
2025-06-04,9555,297,3.11,8.5
2025-06-05,9373,318,3.39,9.3
2025-06-06,8913,302,3.39,9.0
2025-06-07,8581,288,3.36,9.0
2025-06-08,9775,310,3.17,8.8
2025-06-09,11491,384,3.34,9.0
2025-06-10,9444,308,3.26,9.0
2025-06-11,9700,339,3.49,9.5
2025-06-12,9574,328,3.43,9.8
2025-06-13,8878,231,2.6,8.8
2025-06-14,7921,267,3.37,9.1
2025-06-15,9595,333,3.47,9.2
2025-06-16,10933,376,3.44,9.4
2025-06-17,11097,367,3.31,8.9
2025-06-18,9943,324,3.26,9.5
2025-06-19,9271,300,3.24,9.4
2025-06-20,9296,336,3.61,8.8
2025-06-21,8701,309,3.55,8.9
2025-06-22,9196,315,3.43,8.9
2025-06-23,10393,402,3.87,9.0
2025-06-24,11247,429,3.81,9.5
2025-06-25,9534,274,2.87,9.3
2025-06-26,10352,354,3.42,9.5
2025-06-27,8835,288,3.26,8.8
2025-06-28,8406,275,3.27,9.6
2025-06-29,9319,343,3.68,9.1
2025-06-30,10832,332,3.06,8.8
2025-07-01,9181,252,2.74,9.5
2025-07-02,8545,249,2.91,9.3
2025-07-03,8515,229,2.69,9.6
2025-07-04,8174,217,2.65,9.1
2025-07-05,7340,271,3.69,9.6
2025-07-06,7019,233,3.32,9.8
2025-07-07,10217,299,2.93,9.2
2025-07-08,8518,245,2.88,9.3
2025-07-09,9264,259,2.8,9.1
2025-07-10,8490,254,2.99,9.2
2025-07-11,8647,256,2.96,9.5
2025-07-12,7844,221,2.82,9.3
2025-07-13,7370,224,3.04,8.7
2025-07-14,9732,307,3.15,9.2
2025-07-15,8408,269,3.2,9.8
2025-07-16,8318,267,3.21,10.3
2025-07-17,9036,251,2.78,9.7
2025-07-18,7683,241,3.14,9.9
2025-07-19,7341,247,3.36,9.4
2025-07-20,7497,203,2.71,9.1
2025-07-21,8145,230,2.82,9.6
2025-07-22,8895,242,2.72,9.2
2025-07-23,8964,249,2.78,9.3
2025-07-24,7945,234,2.95,9.0
2025-07-25,8210,249,3.03,9.7
2025-07-26,6941,206,2.97,9.6
2025-07-27,8876,302,3.4,9.1
2025-07-28,9836,288,2.93,10.1
2025-07-29,8561,235,2.75,9.7
2025-07-30,7513,224,2.98,9.4
2025-07-31,8122,273,3.36,9.8
2025-08-01,7276,218,3.0,9.5
2025-08-02,6967,187,2.68,10.0
2025-08-03,7266,195,2.68,9.9
2025-08-04,9373,236,2.52,10.0
2025-08-05,8518,233,2.74,9.7
2025-08-06,8109,221,2.73,9.5
2025-08-07,8316,208,2.5,10.1
2025-08-08,7646,209,2.73,9.3
2025-08-09,6379,173,2.71,8.8
2025-08-10,7916,178,2.25,9.5
2025-08-11,9900,255,2.58,9.9
2025-08-12,9505,245,2.58,10.5
2025-08-13,8031,227,2.83,9.8
2025-08-14,8133,219,2.69,9.8
2025-08-15,7881,196,2.49,9.5
2025-08-16,7758,218,2.81,9.7
2025-08-17,7199,197,2.74,10.5
2025-08-18,8532,219,2.57,9.6
2025-08-19,8403,216,2.57,9.8
2025-08-20,8039,225,2.8,9.4
2025-08-21,7426,204,2.75,10.3
2025-08-22,7413,154,2.08,10.0
2025-08-23,8326,238,2.86,9.7
2025-08-24,8012,224,2.8,9.6
2025-08-25,9311,219,2.35,9.8
2025-08-26,8675,239,2.76,9.7
2025-08-27,8463,218,2.58,10.0
2025-08-28,8082,232,2.87,9.9
2025-08-29,7889,212,2.69,10.1
2025-08-30,6716,167,2.49,9.4
2025-08-31,8251,203,2.46,9.5
2025-09-01,10185,298,2.93,10.2
2025-09-02,9658,268,2.77,9.8
2025-09-03,9184,254,2.77,9.5
2025-09-04,10449,271,2.59,10.0
2025-09-05,9167,289,3.15,9.7
2025-09-06,8461,255,3.01,9.6
2025-09-07,9226,274,2.97,9.7
2025-09-08,11301,301,2.66,9.6
2025-09-09,9565,296,3.09,9.5
2025-09-10,9769,257,2.63,9.6
2025-09-11,9806,260,2.65,9.6
2025-09-12,8902,213,2.39,9.9
2025-09-13,9072,243,2.68,9.7
2025-09-14,8302,241,2.9,10.2
2025-09-15,10519,314,2.99,9.8
2025-09-16,9466,267,2.82,9.9
2025-09-17,8372,254,3.03,9.6
2025-09-18,9254,275,2.97,9.3
2025-09-19,8265,223,2.7,9.5
2025-09-20,7997,240,3.0,10.0
2025-09-21,8917,230,2.58,9.9
2025-09-22,10618,289,2.72,9.7
2025-09-23,10268,284,2.77,10.2
2025-09-24,9391,253,2.69,10.1
2025-09-25,9037,238,2.63,9.7
2025-09-26,9365,268,2.86,9.7
2025-09-27,7399,194,2.62,9.9
2025-09-28,8816,245,2.78,9.6
2025-09-29,10333,295,2.85,10.0
2025-09-30,9972,267,2.68,10.0
2025-10-01,9985,258,2.58,8.9
2025-10-02,8819,230,2.61,9.4
2025-10-03,8052,241,2.99,9.3
2025-10-04,8063,189,2.34,9.9
2025-10-05,8306,274,3.3,9.5
2025-10-06,11200,285,2.54,10.1
2025-10-07,9924,274,2.76,9.8
2025-10-08,9425,238,2.53,9.4
2025-10-09,8732,243,2.78,9.9
2025-10-10,9257,241,2.6,9.2
2025-10-11,7746,219,2.83,10.1
2025-10-12,8843,231,2.61,10.0
2025-10-13,9869,235,2.38,9.0
2025-10-14,9603,275,2.86,9.4
2025-10-15,9981,264,2.65,10.0
2025-10-16,10205,305,2.99,10.0
2025-10-17,9289,253,2.72,9.6
2025-10-18,8478,220,2.59,9.8
2025-10-19,8447,239,2.83,9.5
2025-10-20,9764,272,2.79,9.6
2025-10-21,9913,313,3.16,9.4
2025-10-22,9152,259,2.83,9.3
2025-10-23,9814,277,2.82,9.5
2025-10-24,9340,283,3.03,9.5
2025-10-25,8610,238,2.76,9.2
2025-10-26,8612,238,2.76,9.8
2025-10-27,9389,250,2.66,9.8
2025-10-28,9986,254,2.54,9.9
2025-10-29,10477,273,2.61,9.8
2025-10-30,8516,251,2.95,10.0
2025-10-31,9080,208,2.29,9.4
2025-11-01,9816,280,2.85,9.6
2025-11-02,10640,302,2.84,9.5
2025-11-03,11687,345,2.95,10.2
2025-11-04,11014,269,2.44,9.5
2025-11-05,10753,272,2.53,9.4
2025-11-06,10591,281,2.65,10.2
2025-11-07,10147,267,2.63,9.7
2025-11-08,9541,266,2.79,9.5
2025-11-09,10084,261,2.59,9.6
2025-11-10,12032,332,2.76,9.7
2025-11-11,11374,343,3.02,9.3
2025-11-12,11353,348,3.07,9.8
2025-11-13,11488,322,2.8,9.5
2025-11-14,10075,266,2.64,9.4
2025-11-15,10104,271,2.68,9.8
2025-11-16,10389,285,2.74,9.4
2025-11-17,11133,321,2.88,10.2
2025-11-18,11048,297,2.69,9.5
2025-11-19,9908,255,2.57,10.2
2025-11-20,10101,299,2.96,10.0
2025-11-21,9943,307,3.09,9.4
2025-11-22,9528,269,2.82,10.1
2025-11-23,10011,257,2.57,9.9
2025-11-24,10889,293,2.69,9.5
2025-11-25,11144,302,2.71,9.7
2025-11-26,10869,338,3.11,9.3
2025-11-27,10645,306,2.87,9.5
2025-11-28,13685,357,2.61,9.8
2025-11-29,12519,355,2.84,9.8
2025-11-30,13780,398,2.89,9.9
2025-12-01,11338,330,2.91,9.2
2025-12-02,8112,253,3.12,9.1
2025-12-03,7386,223,3.02,10.0
2025-12-04,8071,238,2.95,9.5
2025-12-05,8046,234,2.91,9.6
2025-12-06,6480,196,3.02,9.6
2025-12-07,6921,156,2.25,9.7
2025-12-08,8348,250,2.99,10.0
2025-12-09,8482,250,2.95,9.3
2025-12-10,8630,200,2.32,10.2
2025-12-11,6880,177,2.57,9.6
2025-12-12,7201,185,2.57,9.3
2025-12-13,6588,194,2.94,9.1
2025-12-14,7561,229,3.03,10.0
2025-12-15,8765,261,2.98,10.3
2025-12-16,7341,187,2.55,9.1
2025-12-17,7893,195,2.47,9.5
2025-12-18,7744,217,2.8,9.8
2025-12-19,7653,202,2.64,9.5
2025-12-20,6925,199,2.87,10.0
2025-12-21,6770,221,3.26,9.2
2025-12-22,8555,251,2.93,9.9
2025-12-23,7310,199,2.72,9.6
2025-12-24,7813,213,2.73,9.7
2025-12-25,8269,243,2.94,9.6
2025-12-26,7188,196,2.73,10.0
2025-12-27,7340,200,2.72,9.3
2025-12-28,6790,192,2.83,9.8
2025-12-29,8551,247,2.89,9.4
2025-12-30,8543,236,2.76,9.2
2025-12-31,7459,197,2.64,9.4
