WeekStart,SKU,Opening,Received,Sold,DropShipped,Closing,DaysOutOfStock
2024-12-30,ACC-SHK,300,0,45,0,255,0
2024-12-30,BAR-CHO-12,180,0,36,0,144,0
2024-12-30,BAR-PNB-12,120,0,16,0,104,0
2024-12-30,BCA-LEM,90,0,19,0,71,0
2024-12-30,BCA-WAT,120,0,14,0,106,0
2024-12-30,CRE-300,380,0,75,0,305,0
2024-12-30,CRE-500,240,0,39,0,201,0
2024-12-30,GAI-CHO-25,90,0,18,0,72,0
2024-12-30,OMG-3-90,120,0,30,0,90,0
2024-12-30,PRE-BRA,180,0,27,0,153,0
2024-12-30,PRE-COL,50,0,7,0,43,0
2024-12-30,PRE-FPU,210,0,36,0,174,0
2024-12-30,VEG-BER-1K,50,0,7,0,43,0
2024-12-30,VEG-CHO-1K,120,0,23,0,97,0
2024-12-30,VIT-D3-120,160,0,57,0,103,0
2024-12-30,VIT-MUL-90,200,0,34,0,166,0
2024-12-30,WHY-CHO-1K,520,0,131,0,389,0
2024-12-30,WHY-CHO-25,190,0,39,0,151,0
2024-12-30,WHY-SCA-1K,240,0,42,0,198,0
2024-12-30,WHY-STR-1K,200,0,39,0,161,0
2024-12-30,WHY-VAN-1K,330,0,67,0,263,0
2024-12-30,WHY-VAN-25,110,0,33,0,77,0
2025-01-06,ACC-SHK,255,0,37,0,218,0
2025-01-06,BAR-CHO-12,144,315,34,0,425,0
2025-01-06,BAR-PNB-12,104,0,26,0,78,0
2025-01-06,BCA-LEM,71,0,17,0,54,0
2025-01-06,BCA-WAT,106,0,18,0,88,0
2025-01-06,CRE-300,305,630,99,0,836,0
2025-01-06,CRE-500,201,382,56,0,527,0
2025-01-06,GAI-CHO-25,72,0,13,0,59,0
2025-01-06,OMG-3-90,90,0,18,0,72,0
2025-01-06,PRE-BRA,153,0,39,0,114,0
2025-01-06,PRE-COL,43,0,9,0,34,0
2025-01-06,PRE-FPU,174,0,30,0,144,0
2025-01-06,VEG-BER-1K,43,0,10,0,33,0
2025-01-06,VEG-CHO-1K,97,0,24,0,73,0
2025-01-06,VIT-D3-120,103,0,61,0,42,0
2025-01-06,VIT-MUL-90,166,0,50,0,116,0
2025-01-06,WHY-CHO-1K,389,0,152,0,237,0
2025-01-06,WHY-CHO-25,151,0,54,0,97,0
2025-01-06,WHY-SCA-1K,198,0,59,0,139,0
2025-01-06,WHY-STR-1K,161,0,50,0,111,0
2025-01-06,WHY-VAN-1K,263,0,81,0,182,0
2025-01-06,WHY-VAN-25,77,0,22,0,55,0
2025-01-13,ACC-SHK,218,0,25,0,193,0
2025-01-13,BAR-CHO-12,425,0,23,0,402,0
2025-01-13,BAR-PNB-12,78,150,22,0,206,0
2025-01-13,BCA-LEM,54,0,10,0,44,0
2025-01-13,BCA-WAT,88,0,21,0,67,0
2025-01-13,CRE-300,836,0,62,0,774,0
2025-01-13,CRE-500,527,0,46,0,481,0
2025-01-13,GAI-CHO-25,59,0,11,0,48,0
2025-01-13,OMG-3-90,72,225,16,0,281,0
2025-01-13,PRE-BRA,114,0,19,0,95,0
2025-01-13,PRE-COL,34,0,5,0,29,0
2025-01-13,PRE-FPU,144,0,39,0,105,0
2025-01-13,VEG-BER-1K,33,0,5,0,28,0
2025-01-13,VEG-CHO-1K,73,0,18,0,55,0
2025-01-13,VIT-D3-120,42,270,47,0,265,0
2025-01-13,VIT-MUL-90,116,450,17,0,549,0
2025-01-13,WHY-CHO-1K,237,0,86,0,151,0
2025-01-13,WHY-CHO-25,97,315,48,0,364,0
2025-01-13,WHY-SCA-1K,139,450,31,0,558,0
2025-01-13,WHY-STR-1K,111,405,31,0,485,0
2025-01-13,WHY-VAN-1K,182,585,43,0,724,0
2025-01-13,WHY-VAN-25,55,180,21,0,214,0
2025-01-20,ACC-SHK,193,0,21,0,172,0
2025-01-20,BAR-CHO-12,402,0,10,0,392,0
2025-01-20,BAR-PNB-12,206,0,17,0,189,0
2025-01-20,BCA-LEM,44,135,10,0,169,0
2025-01-20,BCA-WAT,67,150,8,0,209,0
2025-01-20,CRE-300,774,0,30,0,744,0
2025-01-20,CRE-500,481,0,22,0,459,0
2025-01-20,GAI-CHO-25,48,202,7,0,243,0
2025-01-20,OMG-3-90,281,0,7,0,274,0
2025-01-20,PRE-BRA,95,225,22,0,298,0
2025-01-20,PRE-COL,29,135,4,0,160,0
2025-01-20,PRE-FPU,105,270,17,0,358,0
2025-01-20,VEG-BER-1K,28,90,4,0,114,0
2025-01-20,VEG-CHO-1K,55,210,20,0,245,0
2025-01-20,VIT-D3-120,265,0,21,0,244,0
2025-01-20,VIT-MUL-90,549,0,16,0,533,0
2025-01-20,WHY-CHO-1K,151,0,69,0,82,0
2025-01-20,WHY-CHO-25,364,0,30,0,334,0
2025-01-20,WHY-SCA-1K,558,0,26,0,532,0
2025-01-20,WHY-STR-1K,485,0,18,0,467,0
2025-01-20,WHY-VAN-1K,724,0,33,0,691,0
2025-01-20,WHY-VAN-25,214,0,7,0,207,0
2025-01-27,ACC-SHK,172,405,23,0,554,0
2025-01-27,BAR-CHO-12,392,0,22,0,370,0
2025-01-27,BAR-PNB-12,189,0,8,0,181,0
2025-01-27,BCA-LEM,169,0,13,0,156,0
2025-01-27,BCA-WAT,209,0,11,0,198,0
2025-01-27,CRE-300,744,0,52,0,692,0
2025-01-27,CRE-500,459,0,26,0,433,0
2025-01-27,GAI-CHO-25,243,0,8,0,235,0
2025-01-27,OMG-3-90,274,0,9,0,265,0
2025-01-27,PRE-BRA,298,0,12,0,286,0
2025-01-27,PRE-COL,160,0,12,0,148,0
2025-01-27,PRE-FPU,358,0,32,0,326,0
2025-01-27,VEG-BER-1K,114,0,3,0,111,0
2025-01-27,VEG-CHO-1K,245,0,17,0,228,0
2025-01-27,VIT-D3-120,244,459,20,0,683,0
2025-01-27,VIT-MUL-90,533,0,22,0,511,0
2025-01-27,WHY-CHO-1K,82,0,56,0,26,0
2025-01-27,WHY-CHO-25,334,0,38,0,296,0
2025-01-27,WHY-SCA-1K,532,0,24,0,508,0
2025-01-27,WHY-STR-1K,467,0,21,0,446,0
2025-01-27,WHY-VAN-1K,691,0,42,0,649,0
2025-01-27,WHY-VAN-25,207,0,12,0,195,0
2025-02-03,ACC-SHK,554,0,20,0,534,0
2025-02-03,BAR-CHO-12,370,0,21,0,349,0
2025-02-03,BAR-PNB-12,181,0,12,0,169,0
2025-02-03,BCA-LEM,156,0,13,0,143,0
2025-02-03,BCA-WAT,198,0,22,0,176,0
2025-02-03,CRE-300,692,0,46,0,646,0
2025-02-03,CRE-500,433,0,42,0,391,0
2025-02-03,GAI-CHO-25,235,0,8,0,227,0
2025-02-03,OMG-3-90,265,0,9,0,256,0
2025-02-03,PRE-BRA,286,0,14,0,272,0
2025-02-03,PRE-COL,148,0,3,0,145,0
2025-02-03,PRE-FPU,326,0,17,0,309,0
2025-02-03,VEG-BER-1K,111,0,1,0,110,0
2025-02-03,VEG-CHO-1K,228,0,19,0,209,0
2025-02-03,VIT-D3-120,683,0,18,0,665,0
2025-02-03,VIT-MUL-90,511,0,24,0,487,0
2025-02-03,WHY-CHO-1K,26,0,26,31,0,4
2025-02-03,WHY-CHO-25,296,0,28,0,268,0
2025-02-03,WHY-SCA-1K,508,0,34,0,474,0
2025-02-03,WHY-STR-1K,446,0,22,0,424,0
2025-02-03,WHY-VAN-1K,649,0,40,0,609,0
2025-02-03,WHY-VAN-25,195,0,19,0,176,0
2025-02-10,ACC-SHK,534,0,33,0,501,0
2025-02-10,BAR-CHO-12,349,0,25,0,324,0
2025-02-10,BAR-PNB-12,169,0,10,0,159,0
2025-02-10,BCA-LEM,143,0,9,0,134,0
2025-02-10,BCA-WAT,176,0,1,0,175,0
2025-02-10,CRE-300,646,0,42,0,604,0
2025-02-10,CRE-500,391,0,30,0,361,0
2025-02-10,GAI-CHO-25,227,0,7,0,220,0
2025-02-10,OMG-3-90,256,0,14,0,242,0
2025-02-10,PRE-BRA,272,0,16,0,256,0
2025-02-10,PRE-COL,145,0,3,0,142,0
2025-02-10,PRE-FPU,309,0,19,0,290,0
2025-02-10,VEG-BER-1K,110,0,6,0,104,0
2025-02-10,VEG-CHO-1K,209,0,3,0,206,0
2025-02-10,VIT-D3-120,665,0,19,0,646,0
2025-02-10,VIT-MUL-90,487,0,20,0,467,0
2025-02-10,WHY-CHO-1K,0,0,0,58,0,7
2025-02-10,WHY-CHO-25,268,0,19,0,249,0
2025-02-10,WHY-SCA-1K,474,0,17,0,457,0
2025-02-10,WHY-STR-1K,424,0,30,0,394,0
2025-02-10,WHY-VAN-1K,609,0,38,0,571,0
2025-02-10,WHY-VAN-25,176,0,11,0,165,0
2025-02-17,ACC-SHK,501,0,30,0,471,0
2025-02-17,BAR-CHO-12,324,0,14,0,310,0
2025-02-17,BAR-PNB-12,159,0,7,0,152,0
2025-02-17,BCA-LEM,134,0,11,0,123,0
2025-02-17,BCA-WAT,175,0,8,0,167,0
2025-02-17,CRE-300,604,0,45,0,559,0
2025-02-17,CRE-500,361,0,28,0,333,0
2025-02-17,GAI-CHO-25,220,0,9,0,211,0
2025-02-17,OMG-3-90,242,0,13,0,229,0
2025-02-17,PRE-BRA,256,0,21,0,235,0
2025-02-17,PRE-COL,142,0,6,0,136,0
2025-02-17,PRE-FPU,290,0,18,0,272,0
2025-02-17,VEG-BER-1K,104,0,3,0,101,0
2025-02-17,VEG-CHO-1K,206,0,10,0,196,0
2025-02-17,VIT-D3-120,646,0,17,0,629,0
2025-02-17,VIT-MUL-90,467,0,22,0,445,0
2025-02-17,WHY-CHO-1K,0,919,63,15,856,2
2025-02-17,WHY-CHO-25,249,0,22,0,227,0
2025-02-17,WHY-SCA-1K,457,0,30,0,427,0
2025-02-17,WHY-STR-1K,394,0,20,0,374,0
2025-02-17,WHY-VAN-1K,571,0,45,0,526,0
2025-02-17,WHY-VAN-25,165,0,16,0,149,0
2025-02-24,ACC-SHK,471,0,32,0,439,0
2025-02-24,BAR-CHO-12,310,0,27,0,283,0
2025-02-24,BAR-PNB-12,152,0,16,0,136,0
2025-02-24,BCA-LEM,123,0,18,0,105,0
2025-02-24,BCA-WAT,167,0,13,0,154,0
2025-02-24,CRE-300,559,0,51,0,508,0
2025-02-24,CRE-500,333,0,19,0,314,0
2025-02-24,GAI-CHO-25,211,0,6,0,205,0
2025-02-24,OMG-3-90,229,0,13,0,216,0
2025-02-24,PRE-BRA,235,0,13,0,222,0
2025-02-24,PRE-COL,136,0,2,0,134,0
2025-02-24,PRE-FPU,272,0,24,0,248,0
2025-02-24,VEG-BER-1K,101,0,2,0,99,0
2025-02-24,VEG-CHO-1K,196,0,14,0,182,0
2025-02-24,VIT-D3-120,629,0,17,0,612,0
2025-02-24,VIT-MUL-90,445,0,18,0,427,0
2025-02-24,WHY-CHO-1K,856,0,73,0,783,0
2025-02-24,WHY-CHO-25,227,0,34,0,193,0
2025-02-24,WHY-SCA-1K,427,0,20,0,407,0
2025-02-24,WHY-STR-1K,374,0,20,0,354,0
2025-02-24,WHY-VAN-1K,526,0,39,0,487,0
2025-02-24,WHY-VAN-25,149,0,13,0,136,0
2025-03-03,ACC-SHK,439,0,26,0,413,0
2025-03-03,BAR-CHO-12,283,0,21,0,262,0
2025-03-03,BAR-PNB-12,136,0,16,0,120,0
2025-03-03,BCA-LEM,105,0,13,0,92,0
2025-03-03,BCA-WAT,154,0,13,0,141,0
2025-03-03,CRE-300,508,0,43,0,465,0
2025-03-03,CRE-500,314,0,17,0,297,0
2025-03-03,GAI-CHO-25,205,0,7,0,198,0
2025-03-03,OMG-3-90,216,0,11,0,205,0
2025-03-03,PRE-BRA,222,0,22,0,200,0
2025-03-03,PRE-COL,134,0,6,0,128,0
2025-03-03,PRE-FPU,248,0,24,0,224,0
2025-03-03,VEG-BER-1K,99,0,6,0,93,0
2025-03-03,VEG-CHO-1K,182,0,16,0,166,0
2025-03-03,VIT-D3-120,612,0,16,0,596,0
2025-03-03,VIT-MUL-90,427,0,19,0,408,0
2025-03-03,WHY-CHO-1K,783,0,46,0,737,0
2025-03-03,WHY-CHO-25,193,0,21,0,172,0
2025-03-03,WHY-SCA-1K,407,0,17,0,390,0
2025-03-03,WHY-STR-1K,354,0,35,0,319,0
2025-03-03,WHY-VAN-1K,487,0,36,0,451,0
2025-03-03,WHY-VAN-25,136,0,12,0,124,0
2025-03-10,ACC-SHK,413,0,22,0,391,0
2025-03-10,BAR-CHO-12,262,0,22,0,240,0
2025-03-10,BAR-PNB-12,120,0,13,0,107,0
2025-03-10,BCA-LEM,92,0,4,0,88,0
2025-03-10,BCA-WAT,141,0,15,0,126,0
2025-03-10,CRE-300,465,0,37,0,428,0
2025-03-10,CRE-500,297,0,16,0,281,0
2025-03-10,GAI-CHO-25,198,0,7,0,191,0
2025-03-10,OMG-3-90,205,0,9,0,196,0
2025-03-10,PRE-BRA,200,0,18,0,182,0
2025-03-10,PRE-COL,128,0,7,0,121,0
2025-03-10,PRE-FPU,224,0,23,0,201,0
2025-03-10,VEG-BER-1K,93,0,2,0,91,0
2025-03-10,VEG-CHO-1K,166,0,10,0,156,0
2025-03-10,VIT-D3-120,596,0,8,0,588,0
2025-03-10,VIT-MUL-90,408,0,17,0,391,0
2025-03-10,WHY-CHO-1K,737,0,70,0,667,0
2025-03-10,WHY-CHO-25,172,0,27,0,145,0
2025-03-10,WHY-SCA-1K,390,0,30,0,360,0
2025-03-10,WHY-STR-1K,319,0,32,0,287,0
2025-03-10,WHY-VAN-1K,451,0,37,0,414,0
2025-03-10,WHY-VAN-25,124,0,9,0,115,0
2025-03-17,ACC-SHK,391,0,13,0,378,0
2025-03-17,BAR-CHO-12,240,0,19,0,221,0
2025-03-17,BAR-PNB-12,107,0,18,0,89,0
2025-03-17,BCA-LEM,88,0,7,0,81,0
2025-03-17,BCA-WAT,126,0,10,0,116,0
2025-03-17,CRE-300,428,0,35,0,393,0
2025-03-17,CRE-500,281,0,21,0,260,0
2025-03-17,GAI-CHO-25,191,0,9,0,182,0
2025-03-17,OMG-3-90,196,0,16,0,180,0
2025-03-17,PRE-BRA,182,0,23,0,159,0
2025-03-17,PRE-COL,121,0,5,0,116,0
2025-03-17,PRE-FPU,201,0,22,0,179,0
2025-03-17,VEG-BER-1K,91,0,4,0,87,0
2025-03-17,VEG-CHO-1K,156,0,13,0,143,0
2025-03-17,VIT-D3-120,588,0,23,0,565,0
2025-03-17,VIT-MUL-90,391,0,31,0,360,0
2025-03-17,WHY-CHO-1K,667,0,60,0,607,0
2025-03-17,WHY-CHO-25,145,0,28,0,117,0
2025-03-17,WHY-SCA-1K,360,0,30,0,330,0
2025-03-17,WHY-STR-1K,287,0,30,0,257,0
2025-03-17,WHY-VAN-1K,414,0,32,0,382,0
2025-03-17,WHY-VAN-25,115,0,16,0,99,0
2025-03-24,ACC-SHK,378,0,26,0,352,0
2025-03-24,BAR-CHO-12,221,0,20,0,201,0
2025-03-24,BAR-PNB-12,89,0,13,0,76,0
2025-03-24,BCA-LEM,81,120,8,0,193,0
2025-03-24,BCA-WAT,116,0,7,0,109,0
2025-03-24,CRE-300,393,0,33,0,360,0
2025-03-24,CRE-500,260,0,23,0,237,0
2025-03-24,GAI-CHO-25,182,0,12,0,170,0
2025-03-24,OMG-3-90,180,0,10,0,170,0
2025-03-24,PRE-BRA,159,0,17,0,142,0
2025-03-24,PRE-COL,116,0,6,0,110,0
2025-03-24,PRE-FPU,179,0,33,0,146,0
2025-03-24,VEG-BER-1K,87,0,2,0,85,0
2025-03-24,VEG-CHO-1K,143,0,11,0,132,0
2025-03-24,VIT-D3-120,565,0,16,0,549,0
2025-03-24,VIT-MUL-90,360,0,24,0,336,0
2025-03-24,WHY-CHO-1K,607,0,64,0,543,0
2025-03-24,WHY-CHO-25,117,0,27,0,90,0
2025-03-24,WHY-SCA-1K,330,0,20,0,310,0
2025-03-24,WHY-STR-1K,257,0,34,0,223,0
2025-03-24,WHY-VAN-1K,382,0,29,0,353,0
2025-03-24,WHY-VAN-25,99,0,13,0,86,0
2025-03-31,ACC-SHK,352,0,21,0,331,0
2025-03-31,BAR-CHO-12,201,0,10,0,191,0
2025-03-31,BAR-PNB-12,76,0,12,0,64,0
2025-03-31,BCA-LEM,193,0,9,0,184,0
2025-03-31,BCA-WAT,109,0,11,0,98,0
2025-03-31,CRE-300,360,0,52,0,308,0
2025-03-31,CRE-500,237,0,31,0,206,0
2025-03-31,GAI-CHO-25,170,0,7,0,163,0
2025-03-31,OMG-3-90,170,0,12,0,158,0
2025-03-31,PRE-BRA,142,0,22,0,120,0
2025-03-31,PRE-COL,110,0,7,0,103,0
2025-03-31,PRE-FPU,146,0,23,0,123,0
2025-03-31,VEG-BER-1K,85,0,1,0,84,0
2025-03-31,VEG-CHO-1K,132,0,11,0,121,0
2025-03-31,VIT-D3-120,549,0,11,0,538,0
2025-03-31,VIT-MUL-90,336,0,22,0,314,0
2025-03-31,WHY-CHO-1K,543,0,67,0,476,0
2025-03-31,WHY-CHO-25,90,250,32,0,308,0
2025-03-31,WHY-SCA-1K,310,0,21,0,289,0
2025-03-31,WHY-STR-1K,223,0,25,0,198,0
2025-03-31,WHY-VAN-1K,353,0,46,0,307,0
2025-03-31,WHY-VAN-25,86,0,6,0,80,0
2025-04-07,ACC-SHK,331,0,24,0,307,0
2025-04-07,BAR-CHO-12,191,0,18,0,173,0
2025-04-07,BAR-PNB-12,64,0,19,0,45,0
2025-04-07,BCA-LEM,184,0,9,0,175,0
2025-04-07,BCA-WAT,98,0,12,0,86,0
2025-04-07,CRE-300,308,0,43,0,265,0
2025-04-07,CRE-500,206,0,16,0,190,0
2025-04-07,GAI-CHO-25,163,0,8,0,155,0
2025-04-07,OMG-3-90,158,0,18,0,140,0
2025-04-07,PRE-BRA,120,0,19,0,101,0
2025-04-07,PRE-COL,103,0,2,0,101,0
2025-04-07,PRE-FPU,123,0,30,0,93,0
2025-04-07,VEG-BER-1K,84,0,8,0,76,0
2025-04-07,VEG-CHO-1K,121,0,10,0,111,0
2025-04-07,VIT-D3-120,538,0,15,0,523,0
2025-04-07,VIT-MUL-90,314,0,20,0,294,0
2025-04-07,WHY-CHO-1K,476,0,55,0,421,0
2025-04-07,WHY-CHO-25,308,0,15,0,293,0
2025-04-07,WHY-SCA-1K,289,0,20,0,269,0
2025-04-07,WHY-STR-1K,198,0,13,0,185,0
2025-04-07,WHY-VAN-1K,307,0,35,0,272,0
2025-04-07,WHY-VAN-25,80,0,13,0,67,0
2025-04-14,ACC-SHK,307,0,31,0,276,0
2025-04-14,BAR-CHO-12,173,0,20,0,153,0
2025-04-14,BAR-PNB-12,45,150,10,0,185,0
2025-04-14,BCA-LEM,175,0,5,0,170,0
2025-04-14,BCA-WAT,86,0,13,0,73,0
2025-04-14,CRE-300,265,0,41,0,224,0
2025-04-14,CRE-500,190,0,26,0,164,0
2025-04-14,GAI-CHO-25,155,0,11,0,144,0
2025-04-14,OMG-3-90,140,0,19,0,121,0
2025-04-14,PRE-BRA,101,0,24,0,77,0
2025-04-14,PRE-COL,101,0,7,0,94,0
2025-04-14,PRE-FPU,93,250,22,0,321,0
2025-04-14,VEG-BER-1K,76,0,4,0,72,0
2025-04-14,VEG-CHO-1K,111,0,14,0,97,0
2025-04-14,VIT-D3-120,523,0,20,0,503,0
2025-04-14,VIT-MUL-90,294,0,24,0,270,0
2025-04-14,WHY-CHO-1K,421,0,75,0,346,0
2025-04-14,WHY-CHO-25,293,0,19,0,274,0
2025-04-14,WHY-SCA-1K,269,0,32,0,237,0
2025-04-14,WHY-STR-1K,185,0,17,0,168,0
2025-04-14,WHY-VAN-1K,272,0,19,0,253,0
2025-04-14,WHY-VAN-25,67,0,15,0,52,0
2025-04-21,ACC-SHK,276,0,27,0,249,0
2025-04-21,BAR-CHO-12,153,0,25,0,128,0
2025-04-21,BAR-PNB-12,185,0,8,0,177,0
2025-04-21,BCA-LEM,170,0,4,0,166,0
2025-04-21,BCA-WAT,73,0,8,0,65,0
2025-04-21,CRE-300,224,0,35,0,189,0
2025-04-21,CRE-500,164,0,27,0,137,0
2025-04-21,GAI-CHO-25,144,0,4,0,140,0
2025-04-21,OMG-3-90,121,0,12,0,109,0
2025-04-21,PRE-BRA,77,0,22,0,55,0
2025-04-21,PRE-COL,94,0,1,0,93,0
2025-04-21,PRE-FPU,321,0,20,0,301,0
2025-04-21,VEG-BER-1K,72,0,4,0,68,0
2025-04-21,VEG-CHO-1K,97,0,8,0,89,0
2025-04-21,VIT-D3-120,503,0,13,0,490,0
2025-04-21,VIT-MUL-90,270,0,27,0,243,0
2025-04-21,WHY-CHO-1K,346,0,66,0,280,0
2025-04-21,WHY-CHO-25,274,0,27,0,247,0
2025-04-21,WHY-SCA-1K,237,0,23,0,214,0
2025-04-21,WHY-STR-1K,168,0,19,0,149,0
2025-04-21,WHY-VAN-1K,253,0,36,0,217,0
2025-04-21,WHY-VAN-25,52,0,11,0,41,0
2025-04-28,ACC-SHK,249,0,28,0,221,0
2025-04-28,BAR-CHO-12,128,0,26,0,102,0
2025-04-28,BAR-PNB-12,177,0,13,0,164,0
2025-04-28,BCA-LEM,166,0,12,0,154,0
2025-04-28,BCA-WAT,65,0,12,0,53,0
2025-04-28,CRE-300,189,0,41,0,148,0
2025-04-28,CRE-500,137,0,26,0,111,0
2025-04-28,GAI-CHO-25,140,0,9,0,131,0
2025-04-28,OMG-3-90,109,0,8,0,101,0
2025-04-28,PRE-BRA,55,220,25,0,250,0
2025-04-28,PRE-COL,93,0,3,0,90,0
2025-04-28,PRE-FPU,301,0,31,0,270,0
2025-04-28,VEG-BER-1K,68,0,4,0,64,0
2025-04-28,VEG-CHO-1K,89,0,14,0,75,0
2025-04-28,VIT-D3-120,490,0,19,0,471,0
2025-04-28,VIT-MUL-90,243,0,23,0,220,0
2025-04-28,WHY-CHO-1K,280,0,74,0,206,0
2025-04-28,WHY-CHO-25,247,0,18,0,229,0
2025-04-28,WHY-SCA-1K,214,0,28,0,186,0
2025-04-28,WHY-STR-1K,149,0,20,0,129,0
2025-04-28,WHY-VAN-1K,217,0,33,0,184,0
2025-04-28,WHY-VAN-25,41,150,8,0,183,0
2025-05-05,ACC-SHK,221,0,29,0,192,0
2025-05-05,BAR-CHO-12,102,0,19,0,83,0
2025-05-05,BAR-PNB-12,164,0,16,0,148,0
2025-05-05,BCA-LEM,154,0,9,0,145,0
2025-05-05,BCA-WAT,53,150,7,0,196,0
2025-05-05,CRE-300,148,450,35,0,563,0
2025-05-05,CRE-500,111,0,12,0,99,0
2025-05-05,GAI-CHO-25,131,0,5,0,126,0
2025-05-05,OMG-3-90,101,0,16,0,85,0
2025-05-05,PRE-BRA,250,0,28,0,222,0
2025-05-05,PRE-COL,90,0,5,0,85,0
2025-05-05,PRE-FPU,270,0,37,0,233,0
2025-05-05,VEG-BER-1K,64,0,4,0,60,0
2025-05-05,VEG-CHO-1K,75,0,3,0,72,0
2025-05-05,VIT-D3-120,471,0,21,0,450,0
2025-05-05,VIT-MUL-90,220,0,21,0,199,0
2025-05-05,WHY-CHO-1K,206,0,53,0,153,0
2025-05-05,WHY-CHO-25,229,0,23,0,206,0
2025-05-05,WHY-SCA-1K,186,0,18,0,168,0
2025-05-05,WHY-STR-1K,129,0,14,0,115,0
2025-05-05,WHY-VAN-1K,184,0,27,0,157,0
2025-05-05,WHY-VAN-25,183,0,16,0,167,0
2025-05-12,ACC-SHK,192,0,33,0,159,0
2025-05-12,BAR-CHO-12,303,220,18,0,285,0
2025-05-12,BAR-PNB-12,148,0,12,0,136,0
2025-05-12,BCA-LEM,145,0,7,0,138,0
2025-05-12,BCA-WAT,196,0,13,0,183,0
2025-05-12,CRE-300,563,0,56,0,507,0
2025-05-12,CRE-500,99,300,32,0,367,0
2025-05-12,GAI-CHO-25,126,0,10,0,116,0
2025-05-12,OMG-3-90,85,0,21,0,64,0
2025-05-12,PRE-BRA,222,0,39,0,183,0
2025-05-12,PRE-COL,85,0,7,0,78,0
2025-05-12,PRE-FPU,233,0,48,0,185,0
2025-05-12,VEG-BER-1K,60,0,4,0,56,0
2025-05-12,VEG-CHO-1K,72,0,16,0,56,0
2025-05-12,VIT-D3-120,450,0,23,0,427,0
2025-05-12,VIT-MUL-90,199,0,32,0,167,0
2025-05-12,WHY-CHO-1K,153,0,83,0,70,0
2025-05-12,WHY-CHO-25,206,0,23,0,183,0
2025-05-12,WHY-SCA-1K,168,0,27,0,141,0
2025-05-12,WHY-STR-1K,115,0,31,0,84,0
2025-05-12,WHY-VAN-1K,157,0,49,0,108,0
2025-05-12,WHY-VAN-25,167,0,11,0,156,0
2025-05-19,ACC-SHK,159,0,22,0,137,0
2025-05-19,BAR-CHO-12,285,0,25,0,260,0
2025-05-19,BAR-PNB-12,136,0,21,0,115,0
2025-05-19,BCA-LEM,138,0,13,0,125,0
2025-05-19,BCA-WAT,183,0,11,0,172,0
2025-05-19,CRE-300,507,0,44,0,463,0
2025-05-19,CRE-500,367,0,30,0,337,0
2025-05-19,GAI-CHO-25,116,0,4,0,112,0
2025-05-19,OMG-3-90,64,0,10,0,54,0
2025-05-19,PRE-BRA,183,0,31,0,152,0
2025-05-19,PRE-COL,78,0,12,0,66,0
2025-05-19,PRE-FPU,185,0,37,0,148,0
2025-05-19,VEG-BER-1K,56,0,11,0,45,0
2025-05-19,VEG-CHO-1K,56,0,7,0,49,0
2025-05-19,VIT-D3-120,427,0,7,0,420,0
2025-05-19,VIT-MUL-90,167,0,15,0,152,0
2025-05-19,WHY-CHO-1K,70,700,34,0,736,0
2025-05-19,WHY-CHO-25,183,0,17,0,166,0
2025-05-19,WHY-SCA-1K,141,0,21,0,120,0
2025-05-19,WHY-STR-1K,84,0,13,0,71,0
2025-05-19,WHY-VAN-1K,108,400,27,0,481,0
2025-05-19,WHY-VAN-25,156,0,14,0,142,0
2025-05-26,ACC-SHK,137,0,15,0,122,0
2025-05-26,BAR-CHO-12,260,0,25,0,235,0
2025-05-26,BAR-PNB-12,115,0,8,0,107,0
2025-05-26,BCA-LEM,125,0,7,0,118,0
2025-05-26,BCA-WAT,172,0,9,0,163,0
2025-05-26,CRE-300,463,0,28,0,435,0
2025-05-26,CRE-500,337,0,22,0,315,0
2025-05-26,GAI-CHO-25,112,0,11,0,101,0
2025-05-26,OMG-3-90,54,150,6,0,198,0
2025-05-26,PRE-BRA,152,0,18,0,134,0
2025-05-26,PRE-COL,66,0,5,0,61,0
2025-05-26,PRE-FPU,148,0,33,0,115,0
2025-05-26,VEG-BER-1K,45,0,3,0,42,0
2025-05-26,VEG-CHO-1K,49,0,11,0,38,0
2025-05-26,VIT-D3-120,420,0,11,0,409,0
2025-05-26,VIT-MUL-90,152,0,13,0,139,0
2025-05-26,WHY-CHO-1K,736,0,67,0,669,0
2025-05-26,WHY-CHO-25,166,0,25,0,141,0
2025-05-26,WHY-SCA-1K,120,0,20,0,100,0
2025-05-26,WHY-STR-1K,71,250,23,0,298,0
2025-05-26,WHY-VAN-1K,481,0,40,0,441,0
2025-05-26,WHY-VAN-25,142,0,12,0,130,0
2025-06-02,ACC-SHK,122,400,21,0,501,0
2025-06-02,BAR-CHO-12,235,0,18,0,217,0
2025-06-02,BAR-PNB-12,107,0,9,0,98,0
2025-06-02,BCA-LEM,118,0,6,0,112,0
2025-06-02,BCA-WAT,163,0,12,0,151,0
2025-06-02,CRE-300,435,0,40,0,395,0
2025-06-02,CRE-500,315,0,26,0,289,0
2025-06-02,GAI-CHO-25,101,0,6,0,95,0
2025-06-02,OMG-3-90,198,0,17,0,181,0
2025-06-02,PRE-BRA,134,228,19,0,343,0
2025-06-02,PRE-COL,61,0,6,0,55,0
2025-06-02,PRE-FPU,115,250,29,0,336,0
2025-06-02,VEG-BER-1K,42,0,5,0,37,0
2025-06-02,VEG-CHO-1K,38,150,11,0,177,0
2025-06-02,VIT-D3-120,409,0,15,0,394,0
2025-06-02,VIT-MUL-90,139,0,20,0,119,0
2025-06-02,WHY-CHO-1K,669,0,55,0,614,0
2025-06-02,WHY-CHO-25,141,0,15,0,126,0
2025-06-02,WHY-SCA-1K,100,300,28,0,372,0
2025-06-02,WHY-STR-1K,298,0,9,0,289,0
2025-06-02,WHY-VAN-1K,441,0,38,0,403,0
2025-06-02,WHY-VAN-25,130,0,10,0,120,0
2025-06-09,ACC-SHK,501,0,22,0,479,0
2025-06-09,BAR-CHO-12,217,0,15,0,202,0
2025-06-09,BAR-PNB-12,98,0,13,0,85,0
2025-06-09,BCA-LEM,112,0,3,0,109,0
2025-06-09,BCA-WAT,151,0,13,0,138,0
2025-06-09,CRE-300,395,0,35,0,360,0
2025-06-09,CRE-500,289,0,20,0,269,0
2025-06-09,GAI-CHO-25,95,0,2,0,93,0
2025-06-09,OMG-3-90,181,0,22,0,159,0
2025-06-09,PRE-BRA,343,0,23,0,320,0
2025-06-09,PRE-COL,55,0,3,0,52,0
2025-06-09,PRE-FPU,336,0,25,0,311,0
2025-06-09,VEG-BER-1K,37,60,10,0,87,0
2025-06-09,VEG-CHO-1K,177,0,9,0,168,0
2025-06-09,VIT-D3-120,394,0,16,0,378,0
2025-06-09,VIT-MUL-90,119,0,14,0,105,0
2025-06-09,WHY-CHO-1K,614,0,43,0,571,0
2025-06-09,WHY-CHO-25,126,0,32,0,94,0
2025-06-09,WHY-SCA-1K,372,0,27,0,345,0
2025-06-09,WHY-STR-1K,289,0,12,0,277,0
2025-06-09,WHY-VAN-1K,403,0,33,0,370,0
2025-06-09,WHY-VAN-25,120,0,8,0,112,0
2025-06-16,ACC-SHK,479,0,18,0,461,0
2025-06-16,BAR-CHO-12,202,0,16,0,186,0
2025-06-16,BAR-PNB-12,85,0,10,0,75,0
2025-06-16,BCA-LEM,109,0,5,0,104,0
2025-06-16,BCA-WAT,138,0,15,0,123,0
2025-06-16,CRE-300,360,0,36,0,324,0
2025-06-16,CRE-500,269,0,18,0,251,0
2025-06-16,GAI-CHO-25,93,0,8,0,85,0
2025-06-16,OMG-3-90,159,0,6,0,153,0
2025-06-16,PRE-BRA,320,0,13,0,307,0
2025-06-16,PRE-COL,119,67,7,0,112,0
2025-06-16,PRE-FPU,311,0,40,0,271,0
2025-06-16,VEG-BER-1K,87,0,9,0,78,0
2025-06-16,VEG-CHO-1K,168,0,14,0,154,0
2025-06-16,VIT-D3-120,378,0,14,0,364,0
2025-06-16,VIT-MUL-90,105,0,11,0,94,0
2025-06-16,WHY-CHO-1K,571,0,47,0,524,0
2025-06-16,WHY-CHO-25,94,0,20,0,74,0
2025-06-16,WHY-SCA-1K,345,0,21,0,324,0
2025-06-16,WHY-STR-1K,277,0,26,0,251,0
2025-06-16,WHY-VAN-1K,370,0,37,0,333,0
2025-06-16,WHY-VAN-25,112,0,6,0,106,0
2025-06-23,ACC-SHK,461,0,22,0,439,0
2025-06-23,BAR-CHO-12,186,0,10,0,176,0
2025-06-23,BAR-PNB-12,75,0,12,0,63,0
2025-06-23,BCA-LEM,104,0,8,0,96,0
2025-06-23,BCA-WAT,123,0,9,0,114,0
2025-06-23,CRE-300,324,0,46,0,278,0
2025-06-23,CRE-500,251,0,32,0,219,0
2025-06-23,GAI-CHO-25,85,0,4,0,81,0
2025-06-23,OMG-3-90,153,0,18,0,135,0
2025-06-23,PRE-BRA,307,0,30,0,277,0
2025-06-23,PRE-COL,112,0,8,0,104,0
2025-06-23,PRE-FPU,271,0,31,0,240,0
2025-06-23,VEG-BER-1K,78,0,3,0,75,0
2025-06-23,VEG-CHO-1K,154,0,9,0,145,0
2025-06-23,VIT-D3-120,364,0,14,0,350,0
2025-06-23,VIT-MUL-90,94,0,18,0,76,0
2025-06-23,WHY-CHO-1K,524,0,46,0,478,0
2025-06-23,WHY-CHO-25,74,250,23,0,301,0
2025-06-23,WHY-SCA-1K,324,0,14,0,310,0
2025-06-23,WHY-STR-1K,251,0,10,0,241,0
2025-06-23,WHY-VAN-1K,333,0,31,0,302,0
2025-06-23,WHY-VAN-25,106,0,11,0,95,0
2025-06-30,ACC-SHK,439,0,25,0,414,0
2025-06-30,BAR-CHO-12,176,0,16,0,160,0
2025-06-30,BAR-PNB-12,63,0,10,0,53,0
2025-06-30,BCA-LEM,96,0,9,0,87,0
2025-06-30,BCA-WAT,114,0,9,0,105,0
2025-06-30,CRE-300,278,0,35,0,243,0
2025-06-30,CRE-500,219,0,19,0,200,0
2025-06-30,GAI-CHO-25,81,0,9,0,72,0
2025-06-30,OMG-3-90,135,0,11,0,124,0
2025-06-30,PRE-BRA,277,0,16,0,261,0
2025-06-30,PRE-COL,104,0,8,0,96,0
2025-06-30,PRE-FPU,240,0,30,0,210,0
2025-06-30,VEG-BER-1K,75,0,3,0,72,0
2025-06-30,VEG-CHO-1K,145,0,14,0,131,0
2025-06-30,VIT-D3-120,350,0,14,0,336,0
2025-06-30,VIT-MUL-90,76,0,15,0,61,0
2025-06-30,WHY-CHO-1K,478,0,51,0,427,0
2025-06-30,WHY-CHO-25,301,0,18,0,283,0
2025-06-30,WHY-SCA-1K,310,0,24,0,286,0
2025-06-30,WHY-STR-1K,241,0,25,0,216,0
2025-06-30,WHY-VAN-1K,302,0,15,0,287,0
2025-06-30,WHY-VAN-25,95,0,8,0,87,0
2025-07-07,ACC-SHK,414,0,20,0,394,0
2025-07-07,BAR-CHO-12,160,0,14,0,146,0
2025-07-07,BAR-PNB-12,53,0,11,0,42,0
2025-07-07,BCA-LEM,87,0,10,0,77,0
2025-07-07,BCA-WAT,105,0,7,0,98,0
2025-07-07,CRE-300,243,0,33,0,210,0
2025-07-07,CRE-500,200,0,14,0,186,0
2025-07-07,GAI-CHO-25,72,0,5,0,67,0
2025-07-07,OMG-3-90,124,0,16,0,108,0
2025-07-07,PRE-BRA,261,0,24,0,237,0
2025-07-07,PRE-COL,96,0,6,0,90,0
2025-07-07,PRE-FPU,210,0,31,0,179,0
2025-07-07,VEG-BER-1K,72,0,4,0,68,0
2025-07-07,VEG-CHO-1K,131,0,10,0,121,0
2025-07-07,VIT-D3-120,336,0,12,0,324,0
2025-07-07,VIT-MUL-90,61,0,17,0,44,0
2025-07-07,WHY-CHO-1K,427,0,46,0,381,0
2025-07-07,WHY-CHO-25,283,0,17,0,266,0
2025-07-07,WHY-SCA-1K,286,0,31,0,255,0
2025-07-07,WHY-STR-1K,216,0,11,0,205,0
2025-07-07,WHY-VAN-1K,287,0,17,0,270,0
2025-07-07,WHY-VAN-25,87,0,10,0,77,0
2025-07-14,ACC-SHK,394,0,14,0,380,0
2025-07-14,BAR-CHO-12,146,0,22,0,124,0
2025-07-14,BAR-PNB-12,42,150,11,0,181,0
2025-07-14,BCA-LEM,77,0,13,0,64,0
2025-07-14,BCA-WAT,98,0,7,0,91,0
2025-07-14,CRE-300,210,0,33,0,177,0
2025-07-14,CRE-500,186,0,13,0,173,0
2025-07-14,GAI-CHO-25,67,0,14,0,53,0
2025-07-14,OMG-3-90,108,0,12,0,96,0
2025-07-14,PRE-BRA,237,0,38,0,199,0
2025-07-14,PRE-COL,90,0,2,0,88,0
2025-07-14,PRE-FPU,179,0,35,0,144,0
2025-07-14,VEG-BER-1K,68,0,3,0,65,0
2025-07-14,VEG-CHO-1K,121,0,12,0,109,0
2025-07-14,VIT-D3-120,324,0,8,0,316,0
2025-07-14,VIT-MUL-90,294,250,23,0,271,0
2025-07-14,WHY-CHO-1K,381,0,45,0,336,0
2025-07-14,WHY-CHO-25,266,0,25,0,241,0
2025-07-14,WHY-SCA-1K,255,0,15,0,240,0
2025-07-14,WHY-STR-1K,205,0,9,0,196,0
2025-07-14,WHY-VAN-1K,270,0,32,0,238,0
2025-07-14,WHY-VAN-25,77,0,8,0,69,0
2025-07-21,ACC-SHK,380,0,17,0,363,0
2025-07-21,BAR-CHO-12,124,0,19,0,105,0
2025-07-21,BAR-PNB-12,181,0,5,0,176,0
2025-07-21,BCA-LEM,64,0,8,0,56,0
2025-07-21,BCA-WAT,91,0,6,0,85,0
2025-07-21,CRE-300,177,0,32,0,145,0
2025-07-21,CRE-500,173,0,22,0,151,0
2025-07-21,GAI-CHO-25,53,0,7,0,46,0
2025-07-21,OMG-3-90,96,0,8,0,88,0
2025-07-21,PRE-BRA,199,0,22,0,177,0
2025-07-21,PRE-COL,88,0,5,0,83,0
2025-07-21,PRE-FPU,144,0,20,0,124,0
2025-07-21,VEG-BER-1K,65,0,1,0,64,0
2025-07-21,VEG-CHO-1K,109,0,6,0,103,0
2025-07-21,VIT-D3-120,316,0,9,0,307,0
2025-07-21,VIT-MUL-90,271,0,14,0,257,0
2025-07-21,WHY-CHO-1K,336,0,43,0,293,0
2025-07-21,WHY-CHO-25,241,0,17,0,224,0
2025-07-21,WHY-SCA-1K,240,0,14,0,226,0
2025-07-21,WHY-STR-1K,196,0,12,0,184,0
2025-07-21,WHY-VAN-1K,238,0,25,0,213,0
2025-07-21,WHY-VAN-25,69,0,8,0,61,0
2025-07-28,ACC-SHK,363,0,23,0,340,0
2025-07-28,BAR-CHO-12,105,0,16,0,89,0
2025-07-28,BAR-PNB-12,176,0,14,0,162,0
2025-07-28,BCA-LEM,56,0,10,0,46,0
2025-07-28,BCA-WAT,85,0,8,0,77,0
2025-07-28,CRE-300,145,0,41,0,104,0
2025-07-28,CRE-500,151,0,25,0,126,0
2025-07-28,GAI-CHO-25,46,0,11,0,35,0
2025-07-28,OMG-3-90,88,0,7,0,81,0
2025-07-28,PRE-BRA,177,0,15,0,162,0
2025-07-28,PRE-COL,83,0,6,0,77,0
2025-07-28,PRE-FPU,124,250,22,0,352,0
2025-07-28,VEG-BER-1K,64,0,4,0,60,0
2025-07-28,VEG-CHO-1K,103,0,12,0,91,0
2025-07-28,VIT-D3-120,307,0,27,0,280,0
2025-07-28,VIT-MUL-90,257,0,14,0,243,0
2025-07-28,WHY-CHO-1K,293,0,61,0,232,0
2025-07-28,WHY-CHO-25,224,0,21,0,203,0
2025-07-28,WHY-SCA-1K,226,0,30,0,196,0
2025-07-28,WHY-STR-1K,184,0,18,0,166,0
2025-07-28,WHY-VAN-1K,213,0,33,0,180,0
2025-07-28,WHY-VAN-25,61,0,15,0,46,0
2025-08-04,ACC-SHK,340,0,20,0,320,0
2025-08-04,BAR-CHO-12,89,0,10,0,79,0
2025-08-04,BAR-PNB-12,162,0,7,0,155,0
2025-08-04,BCA-LEM,46,120,6,0,160,0
2025-08-04,BCA-WAT,77,0,7,0,70,0
2025-08-04,CRE-300,104,450,27,0,527,0
2025-08-04,CRE-500,126,0,35,0,91,0
2025-08-04,GAI-CHO-25,35,120,9,0,146,0
2025-08-04,OMG-3-90,81,0,12,0,69,0
2025-08-04,PRE-BRA,162,0,12,0,150,0
2025-08-04,PRE-COL,77,0,3,0,74,0
2025-08-04,PRE-FPU,352,0,14,0,338,0
2025-08-04,VEG-BER-1K,60,0,3,0,57,0
2025-08-04,VEG-CHO-1K,91,0,10,0,81,0
2025-08-04,VIT-D3-120,280,0,16,0,264,0
2025-08-04,VIT-MUL-90,243,0,18,0,225,0
2025-08-04,WHY-CHO-1K,232,0,50,0,182,0
2025-08-04,WHY-CHO-25,203,0,22,0,181,0
2025-08-04,WHY-SCA-1K,196,0,5,0,191,0
2025-08-04,WHY-STR-1K,166,0,19,0,147,0
2025-08-04,WHY-VAN-1K,180,0,26,0,154,0
2025-08-04,WHY-VAN-25,46,0,14,0,32,0
2025-08-11,ACC-SHK,320,0,17,0,303,0
2025-08-11,BAR-CHO-12,79,0,13,0,66,0
2025-08-11,BAR-PNB-12,155,0,12,0,143,0
2025-08-11,BCA-LEM,160,0,5,0,155,0
2025-08-11,BCA-WAT,70,0,16,0,54,0
2025-08-11,CRE-300,527,0,27,0,500,0
2025-08-11,CRE-500,91,300,11,0,380,0
2025-08-11,GAI-CHO-25,146,0,5,0,141,0
2025-08-11,OMG-3-90,69,0,9,0,60,0
2025-08-11,PRE-BRA,150,220,15,0,355,0
2025-08-11,PRE-COL,74,0,0,0,74,0
2025-08-11,PRE-FPU,338,0,19,0,319,0
2025-08-11,VEG-BER-1K,57,0,3,0,54,0
2025-08-11,VEG-CHO-1K,81,0,5,0,76,0
2025-08-11,VIT-D3-120,264,0,14,0,250,0
2025-08-11,VIT-MUL-90,225,0,16,0,209,0
2025-08-11,WHY-CHO-1K,182,0,55,0,127,0
2025-08-11,WHY-CHO-25,181,0,17,0,164,0
2025-08-11,WHY-SCA-1K,191,0,15,0,176,0
2025-08-11,WHY-STR-1K,147,0,13,0,134,0
2025-08-11,WHY-VAN-1K,154,0,35,0,119,0
2025-08-11,WHY-VAN-25,32,150,18,0,164,0
2025-08-18,ACC-SHK,303,0,10,0,293,0
2025-08-18,BAR-CHO-12,66,0,8,0,58,0
2025-08-18,BAR-PNB-12,143,0,10,0,133,0
2025-08-18,BCA-LEM,155,0,7,0,148,0
2025-08-18,BCA-WAT,54,0,6,0,48,0
2025-08-18,CRE-300,500,0,46,0,454,0
2025-08-18,CRE-500,380,0,21,0,359,0
2025-08-18,GAI-CHO-25,141,0,7,0,134,0
2025-08-18,OMG-3-90,60,0,11,0,49,0
2025-08-18,PRE-BRA,355,0,16,0,339,0
2025-08-18,PRE-COL,74,0,2,0,72,0
2025-08-18,PRE-FPU,319,0,27,0,292,0
2025-08-18,VEG-BER-1K,54,0,5,0,49,0
2025-08-18,VEG-CHO-1K,76,0,7,0,69,0
2025-08-18,VIT-D3-120,250,0,11,0,239,0
2025-08-18,VIT-MUL-90,209,0,16,0,193,0
2025-08-18,WHY-CHO-1K,127,0,49,0,78,0
2025-08-18,WHY-CHO-25,164,0,21,0,143,0
2025-08-18,WHY-SCA-1K,176,0,19,0,157,0
2025-08-18,WHY-STR-1K,134,0,9,0,125,0
2025-08-18,WHY-VAN-1K,119,0,22,0,97,0
2025-08-18,WHY-VAN-25,164,0,12,0,152,0
2025-08-25,ACC-SHK,293,0,23,0,270,0
2025-08-25,BAR-CHO-12,58,0,23,0,35,0
2025-08-25,BAR-PNB-12,133,0,5,0,128,0
2025-08-25,BCA-LEM,148,0,4,0,144,0
2025-08-25,BCA-WAT,48,0,9,0,39,0
2025-08-25,CRE-300,454,0,26,0,428,0
2025-08-25,CRE-500,359,0,13,0,346,0
2025-08-25,GAI-CHO-25,134,0,10,0,124,0
2025-08-25,OMG-3-90,49,0,8,0,41,0
2025-08-25,PRE-BRA,339,0,17,0,322,0
2025-08-25,PRE-COL,72,0,4,0,68,0
2025-08-25,PRE-FPU,292,0,19,0,273,0
2025-08-25,VEG-BER-1K,49,0,3,0,46,0
2025-08-25,VEG-CHO-1K,69,0,5,0,64,0
2025-08-25,VIT-D3-120,239,0,14,0,225,0
2025-08-25,VIT-MUL-90,193,0,13,0,180,0
2025-08-25,WHY-CHO-1K,778,700,38,0,740,0
2025-08-25,WHY-CHO-25,143,0,18,0,125,0
2025-08-25,WHY-SCA-1K,157,0,21,0,136,0
2025-08-25,WHY-STR-1K,125,0,12,0,113,0
2025-08-25,WHY-VAN-1K,97,400,38,0,459,0
2025-08-25,WHY-VAN-25,152,0,16,0,136,0
2025-09-01,ACC-SHK,270,0,23,0,247,0
2025-09-01,BAR-CHO-12,255,220,20,0,235,0
2025-09-01,BAR-PNB-12,128,0,15,0,113,0
2025-09-01,BCA-LEM,144,0,5,0,139,0
2025-09-01,BCA-WAT,39,150,20,0,169,0
2025-09-01,CRE-300,428,0,34,0,394,0
2025-09-01,CRE-500,346,0,27,0,319,0
2025-09-01,GAI-CHO-25,124,0,17,0,107,0
2025-09-01,OMG-3-90,41,150,13,0,178,0
2025-09-01,PRE-BRA,322,0,23,0,299,0
2025-09-01,PRE-COL,68,0,7,0,61,0
2025-09-01,PRE-FPU,273,0,31,0,242,0
2025-09-01,VEG-BER-1K,46,0,6,0,40,0
2025-09-01,VEG-CHO-1K,64,0,22,0,42,0
2025-09-01,VIT-D3-120,225,0,21,0,204,0
2025-09-01,VIT-MUL-90,180,0,18,0,162,0
2025-09-01,WHY-CHO-1K,740,0,44,0,696,0
2025-09-01,WHY-CHO-25,125,0,24,0,101,0
2025-09-01,WHY-SCA-1K,136,0,12,0,124,0
2025-09-01,WHY-STR-1K,113,0,23,0,90,0
2025-09-01,WHY-VAN-1K,459,0,29,0,430,0
2025-09-01,WHY-VAN-25,136,0,9,0,127,0
2025-09-08,ACC-SHK,247,0,27,0,220,0
2025-09-08,BAR-CHO-12,235,0,18,0,217,0
2025-09-08,BAR-PNB-12,113,0,18,0,95,0
2025-09-08,BCA-LEM,139,0,9,0,130,0
2025-09-08,BCA-WAT,169,0,17,0,152,0
2025-09-08,CRE-300,394,0,45,0,349,0
2025-09-08,CRE-500,319,0,28,0,291,0
2025-09-08,GAI-CHO-25,107,0,16,0,91,0
2025-09-08,OMG-3-90,178,0,21,0,157,0
2025-09-08,PRE-BRA,299,0,23,0,276,0
2025-09-08,PRE-COL,61,0,9,0,52,0
2025-09-08,PRE-FPU,242,0,21,0,221,0
2025-09-08,VEG-BER-1K,40,0,8,0,32,0
2025-09-08,VEG-CHO-1K,42,150,17,0,175,0
2025-09-08,VIT-D3-120,204,0,11,0,193,0
2025-09-08,VIT-MUL-90,162,0,15,0,147,0
2025-09-08,WHY-CHO-1K,696,0,72,0,624,0
2025-09-08,WHY-CHO-25,101,0,22,0,79,0
2025-09-08,WHY-SCA-1K,124,0,28,0,96,0
2025-09-08,WHY-STR-1K,90,0,25,0,65,0
2025-09-08,WHY-VAN-1K,430,0,44,0,386,0
2025-09-08,WHY-VAN-25,127,0,17,0,110,0
2025-09-15,ACC-SHK,220,0,14,0,206,0
2025-09-15,BAR-CHO-12,217,0,29,0,188,0
2025-09-15,BAR-PNB-12,95,0,14,0,81,0
2025-09-15,BCA-LEM,130,0,15,0,115,0
2025-09-15,BCA-WAT,152,0,17,0,135,0
2025-09-15,CRE-300,349,0,45,0,304,0
2025-09-15,CRE-500,291,0,30,0,261,0
2025-09-15,GAI-CHO-25,91,0,20,0,71,0
2025-09-15,OMG-3-90,157,0,11,0,146,0
2025-09-15,PRE-BRA,276,0,17,0,259,0
2025-09-15,PRE-COL,52,0,6,0,46,0
2025-09-15,PRE-FPU,221,0,26,0,195,0
2025-09-15,VEG-BER-1K,32,0,1,0,31,0
2025-09-15,VEG-CHO-1K,175,0,25,0,150,0
2025-09-15,VIT-D3-120,193,0,14,0,179,0
2025-09-15,VIT-MUL-90,147,0,31,0,116,0
2025-09-15,WHY-CHO-1K,624,0,50,0,574,0
2025-09-15,WHY-CHO-25,79,250,21,0,308,0
2025-09-15,WHY-SCA-1K,96,0,22,0,74,0
2025-09-15,WHY-STR-1K,65,0,19,0,46,0
2025-09-15,WHY-VAN-1K,386,0,35,0,351,0
2025-09-15,WHY-VAN-25,110,0,10,0,100,0
2025-09-22,ACC-SHK,206,0,19,0,187,0
2025-09-22,BAR-CHO-12,188,0,24,0,164,0
2025-09-22,BAR-PNB-12,81,0,15,0,66,0
2025-09-22,BCA-LEM,115,0,6,0,109,0
2025-09-22,BCA-WAT,135,0,17,0,118,0
2025-09-22,CRE-300,304,0,42,0,262,0
2025-09-22,CRE-500,261,0,20,0,241,0
2025-09-22,GAI-CHO-25,71,0,5,0,66,0
2025-09-22,OMG-3-90,146,0,9,0,137,0
2025-09-22,PRE-BRA,259,0,27,0,232,0
2025-09-22,PRE-COL,46,0,5,0,41,0
2025-09-22,PRE-FPU,195,0,27,0,168,0
2025-09-22,VEG-BER-1K,31,0,6,0,25,0
2025-09-22,VEG-CHO-1K,150,0,10,0,140,0
2025-09-22,VIT-D3-120,179,0,13,0,166,0
2025-09-22,VIT-MUL-90,116,0,20,0,96,0
2025-09-22,WHY-CHO-1K,574,0,62,0,512,0
2025-09-22,WHY-CHO-25,308,0,20,0,288,0
2025-09-22,WHY-SCA-1K,74,300,21,0,353,0
2025-09-22,WHY-STR-1K,296,250,23,0,273,0
2025-09-22,WHY-VAN-1K,351,0,36,0,315,0
2025-09-22,WHY-VAN-25,100,0,7,0,93,0
2025-09-29,ACC-SHK,187,0,38,0,149,0
2025-09-29,BAR-CHO-12,164,0,18,0,146,0
2025-09-29,BAR-PNB-12,66,0,12,0,54,0
2025-09-29,BCA-LEM,109,0,9,0,100,0
2025-09-29,BCA-WAT,118,0,9,0,109,0
2025-09-29,CRE-300,262,0,32,0,230,0
2025-09-29,CRE-500,241,0,32,0,209,0
2025-09-29,GAI-CHO-25,66,120,8,0,178,0
2025-09-29,OMG-3-90,137,0,18,0,119,0
2025-09-29,PRE-BRA,232,0,25,0,207,0
2025-09-29,PRE-COL,41,0,4,0,37,0
2025-09-29,PRE-FPU,168,0,35,0,133,0
2025-09-29,VEG-BER-1K,85,60,4,0,81,0
2025-09-29,VEG-CHO-1K,140,0,11,0,129,0
2025-09-29,VIT-D3-120,166,0,17,0,149,0
2025-09-29,VIT-MUL-90,96,0,16,0,80,0
2025-09-29,WHY-CHO-1K,512,0,49,0,463,0
2025-09-29,WHY-CHO-25,288,0,13,0,275,0
2025-09-29,WHY-SCA-1K,353,0,26,0,327,0
2025-09-29,WHY-STR-1K,273,0,20,0,253,0
2025-09-29,WHY-VAN-1K,315,0,28,0,287,0
2025-09-29,WHY-VAN-25,93,0,7,0,86,0
2025-10-06,ACC-SHK,149,0,28,0,121,0
2025-10-06,BAR-CHO-12,146,0,14,0,132,0
2025-10-06,BAR-PNB-12,54,150,7,0,197,0
2025-10-06,BCA-LEM,100,0,6,0,94,0
2025-10-06,BCA-WAT,109,0,7,0,102,0
2025-10-06,CRE-300,230,0,37,0,193,0
2025-10-06,CRE-500,209,0,36,0,173,0
2025-10-06,GAI-CHO-25,178,0,10,0,168,0
2025-10-06,OMG-3-90,119,0,11,0,108,0
2025-10-06,PRE-BRA,207,0,23,0,184,0
2025-10-06,PRE-COL,37,60,5,0,92,0
2025-10-06,PRE-FPU,133,0,13,0,120,0
2025-10-06,VEG-BER-1K,81,0,3,0,78,0
2025-10-06,VEG-CHO-1K,129,0,16,0,113,0
2025-10-06,VIT-D3-120,149,0,34,0,115,0
2025-10-06,VIT-MUL-90,330,250,12,0,318,0
2025-10-06,WHY-CHO-1K,463,0,54,0,409,0
2025-10-06,WHY-CHO-25,275,0,31,0,244,0
2025-10-06,WHY-SCA-1K,327,0,21,0,306,0
2025-10-06,WHY-STR-1K,253,0,20,0,233,0
2025-10-06,WHY-VAN-1K,287,0,48,0,239,0
2025-10-06,WHY-VAN-25,86,0,7,0,79,0
2025-10-13,ACC-SHK,121,0,31,0,90,0
2025-10-13,BAR-CHO-12,132,0,19,0,113,0
2025-10-13,BAR-PNB-12,197,0,10,0,187,0
2025-10-13,BCA-LEM,94,0,12,0,82,0
2025-10-13,BCA-WAT,102,0,8,0,94,0
2025-10-13,CRE-300,193,0,32,0,161,0
2025-10-13,CRE-500,173,0,27,0,146,0
2025-10-13,GAI-CHO-25,168,0,8,0,160,0
2025-10-13,OMG-3-90,108,0,9,0,99,0
2025-10-13,PRE-BRA,184,0,22,0,162,0
2025-10-13,PRE-COL,92,0,2,0,90,0
2025-10-13,PRE-FPU,120,0,21,0,99,0
2025-10-13,VEG-BER-1K,78,0,6,0,72,0
2025-10-13,VEG-CHO-1K,113,0,10,0,103,0
2025-10-13,VIT-D3-120,115,0,26,0,89,0
2025-10-13,VIT-MUL-90,318,0,19,0,299,0
2025-10-13,WHY-CHO-1K,409,0,43,0,366,0
2025-10-13,WHY-CHO-25,244,0,18,0,226,0
2025-10-13,WHY-SCA-1K,306,0,19,0,287,0
2025-10-13,WHY-STR-1K,233,0,16,0,217,0
2025-10-13,WHY-VAN-1K,239,0,28,0,211,0
2025-10-13,WHY-VAN-25,79,0,8,0,71,0
2025-10-20,ACC-SHK,90,0,23,0,67,0
2025-10-20,BAR-CHO-12,113,0,10,0,103,0
2025-10-20,BAR-PNB-12,187,0,6,0,181,0
2025-10-20,BCA-LEM,82,0,9,0,73,0
2025-10-20,BCA-WAT,94,0,10,0,84,0
2025-10-20,CRE-300,161,0,36,0,125,0
2025-10-20,CRE-500,146,300,22,0,424,0
2025-10-20,GAI-CHO-25,160,0,6,0,154,0
2025-10-20,OMG-3-90,99,0,12,0,87,0
2025-10-20,PRE-BRA,162,0,23,0,139,0
2025-10-20,PRE-COL,90,0,3,0,87,0
2025-10-20,PRE-FPU,349,250,15,0,334,0
2025-10-20,VEG-BER-1K,72,0,5,0,67,0
2025-10-20,VEG-CHO-1K,103,0,13,0,90,0
2025-10-20,VIT-D3-120,89,200,36,0,253,0
2025-10-20,VIT-MUL-90,299,0,23,0,276,0
2025-10-20,WHY-CHO-1K,366,0,71,0,295,0
2025-10-20,WHY-CHO-25,226,0,29,0,197,0
2025-10-20,WHY-SCA-1K,287,0,17,0,270,0
2025-10-20,WHY-STR-1K,217,0,15,0,202,0
2025-10-20,WHY-VAN-1K,211,0,34,0,177,0
2025-10-20,WHY-VAN-25,71,0,14,0,57,0
2025-10-27,ACC-SHK,67,400,19,0,448,0
2025-10-27,BAR-CHO-12,103,0,21,0,82,0
2025-10-27,BAR-PNB-12,181,0,9,0,172,0
2025-10-27,BCA-LEM,73,0,5,0,68,0
2025-10-27,BCA-WAT,84,0,8,0,76,0
2025-10-27,CRE-300,125,450,38,0,537,0
2025-10-27,CRE-500,424,0,17,0,407,0
2025-10-27,GAI-CHO-25,154,0,9,0,145,0
2025-10-27,OMG-3-90,87,0,10,0,77,0
2025-10-27,PRE-BRA,139,0,16,0,123,0
2025-10-27,PRE-COL,87,0,3,0,84,0
2025-10-27,PRE-FPU,334,0,18,0,316,0
2025-10-27,VEG-BER-1K,67,0,1,0,66,0
2025-10-27,VEG-CHO-1K,90,0,5,0,85,0
2025-10-27,VIT-D3-120,253,0,27,0,226,0
2025-10-27,VIT-MUL-90,276,0,15,0,261,0
2025-10-27,WHY-CHO-1K,295,0,44,0,251,0
2025-10-27,WHY-CHO-25,197,0,20,0,177,0
2025-10-27,WHY-SCA-1K,270,0,21,0,249,0
2025-10-27,WHY-STR-1K,202,0,12,0,190,0
2025-10-27,WHY-VAN-1K,177,0,33,0,144,0
2025-10-27,WHY-VAN-25,57,0,11,0,46,0
2025-11-03,ACC-SHK,448,0,35,0,413,0
2025-11-03,BAR-CHO-12,82,0,28,0,54,0
2025-11-03,BAR-PNB-12,172,0,12,0,160,0
2025-11-03,BCA-LEM,68,0,6,0,62,0
2025-11-03,BCA-WAT,76,0,19,0,57,0
2025-11-03,CRE-300,537,0,53,0,484,0
2025-11-03,CRE-500,407,0,24,0,383,0
2025-11-03,GAI-CHO-25,145,0,5,0,140,0
2025-11-03,OMG-3-90,77,0,8,0,69,0
2025-11-03,PRE-BRA,123,0,15,0,108,0
2025-11-03,PRE-COL,84,0,3,0,81,0
2025-11-03,PRE-FPU,316,0,9,0,307,0
2025-11-03,VEG-BER-1K,66,0,0,0,66,0
2025-11-03,VEG-CHO-1K,85,0,18,0,67,0
2025-11-03,VIT-D3-120,226,0,43,0,183,0
2025-11-03,VIT-MUL-90,261,0,21,0,240,0
2025-11-03,WHY-CHO-1K,251,0,74,0,177,0
2025-11-03,WHY-CHO-25,177,0,26,0,151,0
2025-11-03,WHY-SCA-1K,249,0,10,0,239,0
2025-11-03,WHY-STR-1K,190,0,25,0,165,0
2025-11-03,WHY-VAN-1K,144,0,35,0,109,0
2025-11-03,WHY-VAN-25,46,0,11,0,35,0
2025-11-10,ACC-SHK,413,0,17,0,396,0
2025-11-10,BAR-CHO-12,54,220,15,0,259,0
2025-11-10,BAR-PNB-12,160,0,8,0,152,0
2025-11-10,BCA-LEM,62,0,10,0,52,0
2025-11-10,BCA-WAT,57,0,15,0,42,0
2025-11-10,CRE-300,484,0,28,0,456,0
2025-11-10,CRE-500,383,0,25,0,358,0
2025-11-10,GAI-CHO-25,140,0,11,0,129,0
2025-11-10,OMG-3-90,69,0,14,0,55,0
2025-11-10,PRE-BRA,108,220,24,0,304,0
2025-11-10,PRE-COL,81,0,6,0,75,0
2025-11-10,PRE-FPU,307,0,33,0,274,0
2025-11-10,VEG-BER-1K,66,0,1,0,65,0
2025-11-10,VEG-CHO-1K,67,0,16,0,51,0
2025-11-10,VIT-D3-120,183,0,41,0,142,0
2025-11-10,VIT-MUL-90,240,0,21,0,219,0
2025-11-10,WHY-CHO-1K,177,0,57,0,120,0
2025-11-10,WHY-CHO-25,151,0,25,0,126,0
2025-11-10,WHY-SCA-1K,239,0,26,0,213,0
2025-11-10,WHY-STR-1K,165,0,15,0,150,0
2025-11-10,WHY-VAN-1K,109,400,28,0,481,0
2025-11-10,WHY-VAN-25,185,150,10,0,175,0
2025-11-17,ACC-SHK,396,0,19,0,377,0
2025-11-17,BAR-CHO-12,259,0,32,0,227,0
2025-11-17,BAR-PNB-12,152,0,7,0,145,0
2025-11-17,BCA-LEM,52,0,7,0,45,0
2025-11-17,BCA-WAT,42,0,12,0,30,0
2025-11-17,CRE-300,456,0,31,0,425,0
2025-11-17,CRE-500,358,0,14,0,344,0
2025-11-17,GAI-CHO-25,129,0,5,0,124,0
2025-11-17,OMG-3-90,55,0,6,0,49,0
2025-11-17,PRE-BRA,304,0,20,0,284,0
2025-11-17,PRE-COL,75,0,2,0,73,0
2025-11-17,PRE-FPU,274,0,25,0,249,0
2025-11-17,VEG-BER-1K,65,0,3,0,62,0
2025-11-17,VEG-CHO-1K,51,0,20,0,31,0
2025-11-17,VIT-D3-120,142,0,26,0,116,0
2025-11-17,VIT-MUL-90,219,0,17,0,202,0
2025-11-17,WHY-CHO-1K,120,700,61,0,759,0
2025-11-17,WHY-CHO-25,126,0,23,0,103,0
2025-11-17,WHY-SCA-1K,213,0,21,0,192,0
2025-11-17,WHY-STR-1K,150,0,17,0,133,0
2025-11-17,WHY-VAN-1K,481,0,35,0,446,0
2025-11-17,WHY-VAN-25,175,0,6,0,169,0
2025-11-24,ACC-SHK,377,0,72,0,305,0
2025-11-24,BAR-CHO-12,227,0,49,0,178,0
2025-11-24,BAR-PNB-12,145,0,29,0,116,0
2025-11-24,BCA-LEM,45,0,25,0,20,0
2025-11-24,BCA-WAT,30,150,34,0,146,0
2025-11-24,CRE-300,425,0,100,0,325,0
2025-11-24,CRE-500,344,0,58,0,286,0
2025-11-24,GAI-CHO-25,124,0,19,0,105,0
2025-11-24,OMG-3-90,199,150,34,0,165,0
2025-11-24,PRE-BRA,284,0,57,0,227,0
2025-11-24,PRE-COL,73,0,14,0,59,0
2025-11-24,PRE-FPU,249,0,77,0,172,0
2025-11-24,VEG-BER-1K,62,0,11,0,51,0
2025-11-24,VEG-CHO-1K,31,150,23,0,158,0
2025-11-24,VIT-D3-120,341,225,91,0,250,0
2025-11-24,VIT-MUL-90,202,0,62,0,140,0
2025-11-24,WHY-CHO-1K,759,0,155,0,604,0
2025-11-24,WHY-CHO-25,353,250,56,0,297,0
2025-11-24,WHY-SCA-1K,192,0,68,0,124,0
2025-11-24,WHY-STR-1K,383,250,46,0,337,0
2025-11-24,WHY-VAN-1K,446,0,89,0,357,0
2025-11-24,WHY-VAN-25,169,0,58,0,111,0
2025-12-01,ACC-SHK,305,0,38,0,267,0
2025-12-01,BAR-CHO-12,178,0,25,0,153,0
2025-12-01,BAR-PNB-12,116,0,14,0,102,0
2025-12-01,BCA-LEM,140,120,7,0,133,0
2025-12-01,BCA-WAT,146,0,21,0,125,0
2025-12-01,CRE-300,325,0,64,0,261,0
2025-12-01,CRE-500,286,0,40,0,246,0
2025-12-01,GAI-CHO-25,105,0,9,0,96,0
2025-12-01,OMG-3-90,165,0,16,0,149,0
2025-12-01,PRE-BRA,227,0,40,0,187,0
2025-12-01,PRE-COL,59,0,3,0,56,0
2025-12-01,PRE-FPU,172,0,36,0,136,0
2025-12-01,VEG-BER-1K,51,0,10,0,41,0
2025-12-01,VEG-CHO-1K,158,0,20,0,138,0
2025-12-01,VIT-D3-120,250,0,49,0,201,0
2025-12-01,VIT-MUL-90,140,0,28,0,112,0
2025-12-01,WHY-CHO-1K,604,0,83,0,521,0
2025-12-01,WHY-CHO-25,297,0,27,0,270,0
2025-12-01,WHY-SCA-1K,124,300,24,0,400,0
2025-12-01,WHY-STR-1K,337,0,27,0,310,0
2025-12-01,WHY-VAN-1K,357,0,60,0,297,0
2025-12-01,WHY-VAN-25,111,0,21,0,90,0
2025-12-08,ACC-SHK,267,0,23,0,244,0
2025-12-08,BAR-CHO-12,373,220,12,0,361,0
2025-12-08,BAR-PNB-12,102,150,9,0,243,0
2025-12-08,BCA-LEM,133,0,8,0,125,0
2025-12-08,BCA-WAT,125,0,6,0,119,0
2025-12-08,CRE-300,711,450,31,0,680,0
2025-12-08,CRE-500,246,300,26,0,520,0
2025-12-08,GAI-CHO-25,96,0,8,0,88,0
2025-12-08,OMG-3-90,149,150,16,0,283,0
2025-12-08,PRE-BRA,187,0,18,0,169,0
2025-12-08,PRE-COL,56,0,7,0,49,0
2025-12-08,PRE-FPU,136,250,19,0,367,0
2025-12-08,VEG-BER-1K,41,0,4,0,37,0
2025-12-08,VEG-CHO-1K,138,0,18,0,120,0
2025-12-08,VIT-D3-120,201,228,23,0,406,0
2025-12-08,VIT-MUL-90,362,250,18,0,344,0
2025-12-08,WHY-CHO-1K,521,0,49,0,472,0
2025-12-08,WHY-CHO-25,270,250,22,0,498,0
2025-12-08,WHY-SCA-1K,400,0,27,0,373,0
2025-12-08,WHY-STR-1K,310,0,12,0,298,0
2025-12-08,WHY-VAN-1K,297,400,24,0,673,0
2025-12-08,WHY-VAN-25,90,150,4,0,236,0
2025-12-15,ACC-SHK,244,0,19,0,225,0
2025-12-15,BAR-CHO-12,361,0,18,0,343,0
2025-12-15,BAR-PNB-12,243,0,7,0,236,0
2025-12-15,BCA-LEM,125,0,15,0,110,0
2025-12-15,BCA-WAT,119,150,10,0,259,0
2025-12-15,CRE-300,680,0,33,0,647,0
2025-12-15,CRE-500,520,0,20,0,500,0
2025-12-15,GAI-CHO-25,88,120,7,0,201,0
2025-12-15,OMG-3-90,283,0,7,0,276,0
2025-12-15,PRE-BRA,169,220,11,0,378,0
2025-12-15,PRE-COL,49,60,2,0,107,0
2025-12-15,PRE-FPU,367,0,28,0,339,0
2025-12-15,VEG-BER-1K,37,60,2,0,95,0
2025-12-15,VEG-CHO-1K,120,150,17,0,253,0
2025-12-15,VIT-D3-120,406,0,36,0,370,0
2025-12-15,VIT-MUL-90,344,0,30,0,314,0
2025-12-15,WHY-CHO-1K,472,0,60,0,412,0
2025-12-15,WHY-CHO-25,498,0,27,0,471,0
2025-12-15,WHY-SCA-1K,373,0,21,0,352,0
2025-12-15,WHY-STR-1K,298,0,11,0,287,0
2025-12-15,WHY-VAN-1K,673,0,28,0,645,0
2025-12-15,WHY-VAN-25,236,0,16,0,220,0
2025-12-22,ACC-SHK,225,400,17,0,608,0
2025-12-22,BAR-CHO-12,343,0,12,0,331,0
2025-12-22,BAR-PNB-12,236,0,19,0,217,0
2025-12-22,BCA-LEM,110,0,3,0,107,0
2025-12-22,BCA-WAT,259,0,10,0,249,0
2025-12-22,CRE-300,647,0,37,0,610,0
2025-12-22,CRE-500,500,0,20,0,480,0
2025-12-22,GAI-CHO-25,201,0,10,0,191,0
2025-12-22,OMG-3-90,276,0,8,0,268,0
2025-12-22,PRE-BRA,378,0,25,0,353,0
2025-12-22,PRE-COL,107,0,6,0,101,0
2025-12-22,PRE-FPU,339,0,16,0,323,0
2025-12-22,VEG-BER-1K,95,0,4,0,91,0
2025-12-22,VEG-CHO-1K,253,0,15,0,238,0
2025-12-22,VIT-D3-120,370,0,34,0,336,0
2025-12-22,VIT-MUL-90,314,0,22,0,292,0
2025-12-22,WHY-CHO-1K,412,0,48,0,364,0
2025-12-22,WHY-CHO-25,471,0,18,0,453,0
2025-12-22,WHY-SCA-1K,352,0,25,0,327,0
2025-12-22,WHY-STR-1K,287,0,20,0,267,0
2025-12-22,WHY-VAN-1K,645,0,34,0,611,0
2025-12-22,WHY-VAN-25,220,0,11,0,209,0
2025-12-29,ACC-SHK,608,0,12,0,596,0
2025-12-29,BAR-CHO-12,331,0,8,0,323,0
2025-12-29,BAR-PNB-12,217,0,3,0,214,0
2025-12-29,BCA-LEM,107,0,2,0,105,0
2025-12-29,BCA-WAT,249,0,7,0,242,0
2025-12-29,CRE-300,610,0,11,0,599,0
2025-12-29,CRE-500,480,0,11,0,469,0
2025-12-29,GAI-CHO-25,191,0,3,0,188,0
2025-12-29,OMG-3-90,268,0,4,0,264,0
2025-12-29,PRE-BRA,353,0,7,0,346,0
2025-12-29,PRE-COL,101,0,0,0,101,0
2025-12-29,PRE-FPU,323,0,10,0,313,0
2025-12-29,VEG-BER-1K,91,0,0,0,91,0
2025-12-29,VEG-CHO-1K,238,0,2,0,236,0
2025-12-29,VIT-D3-120,336,0,10,0,326,0
2025-12-29,VIT-MUL-90,292,0,4,0,288,0
2025-12-29,WHY-CHO-1K,364,0,21,0,343,0
2025-12-29,WHY-CHO-25,453,0,11,0,442,0
2025-12-29,WHY-SCA-1K,327,0,5,0,322,0
2025-12-29,WHY-STR-1K,267,0,6,0,261,0
2025-12-29,WHY-VAN-1K,611,0,9,0,602,0
2025-12-29,WHY-VAN-25,209,0,5,0,204,0
