Content,Video title,Video publish time,Duration,Views,Watch time (hours),Subscribers,Thumbnail impressions,Thumbnail click-through rate (%)
Total,,,,1799849,106319.5242,8669,13541801,7.39
Wu3nH2ukMjU,Black Desert Online PS4 | Should you play? | Before you Buy | July 2 Pre Order,"Jun 28, 2019",637,250394,13032.0328,962,1448770,11.19
FVPOuTkL0Wo,Black Desert Online Xbox One /PS4 | Sorceress Skill Build | Gear Guide | Beginner Overview,"Mar 6, 2019",736,47326,2859.0702,294,310165,8.96
JFijMgf0IM8,"Prepare for Tier 2 Gear and 2 Star Dungeons, How to Get Ahead and Earn Lucent! Throne and Liberty","Nov 9, 2024",744,46377,3605.1863,350,329669,7.8
Uy0nNfN7cn8,Black Desert Online PS4 | Which edition To Buy? | Which gives the best value? | Is it Worth It?,"Jul 2, 2019",896,45215,3238.5216,93,290125,8.02
0jP1o2dbaTE,Black Desert Online Xbox One | Armor Sets and Where to Find Them | Set Bonuses | Types of Armor PS4,"Mar 12, 2019",812,29503,1886.0483,174,250154,7.01
QY_-BArbejM,Black Desert Online Xbox One | Musa Skill Build | Musa Armor and Weapons,"Apr 4, 2019",928,29003,2415.4319,252,245595,6.31
kZjBfbcnSIo,Black Desert Online Xbox One | Best Exp Grind Spots 55 to 60 | Skill and Combat EXP,"May 11, 2019",683,27962,1842.8825,68,228494,7.55
X-eoyLNJ5kI,"Throne and Liberty Dagger/Wand Guide | Skills, Masteries and Combos","Oct 22, 2024",1001,25769,1676.5593,147,175172,6.62
fWk0vjusRRI,"Black Desert Online Xbox One/PS4 | 30-50 Million Per Hour | No Gear, Pets or RNG Drops just Silver!","Dec 9, 2019",743,24935,1660.2613,130,201905,7.71
NmKbzoAea5o,League of Legends | New Player | Worst Experience EVER! | Such a Toxic Playerbase,"Jun 16, 2019",544,21821,1225.7322,53,158248,10.34
 -nGILYQWlmo,The Best Spear/Dagger PvP Builds for Tier 1 Throne and Liberty in my opinion,"Jan 5, 2025",605,21436,834.9774,69,118187,11.04
rxdsNP5z8C8,Black Desert Online PS4 | Confirmed Classes On Release |  no longer speculation - no awakening|,"Jul 17, 2019",1147,19525,1174.7324,54,104639,8.27
vGs_fMAYT0c,Black Desert Online PS4 | New Player Pearl Shop Guide  | Key Purchases for New Players,"Jul 3, 2019",1095,19010,1703.7185,77,177323,5.59
xNUsgA485Jc,Black Desert Online Xbox One | Enhancing past +15 | PRI DUO TRI Enhancing | Worst RNG Ever PS4,"Mar 22, 2019",400,18474,1144.8889,146,160509,6.81
mYpW073i1qU,Black Desert Online Xbox One | Make 500+ Million Per Week | Less than 3 Hours Per Day,"Jun 11, 2019",840,18229,1715.1909,98,182316,5.85
AbpSvhVUp3k,Is Tevent Wand really any good? Archboss weapon testing Throne and Liberty,"Nov 4, 2024",407,17950,839.0753,52,115333,8.71
mye1LJrPT1Y,I Max Traited a Tevent Wand for 118 lucent | Throne and Liberty Archboss Weapon,"Oct 31, 2024",327,17411,657.7225,54,106332,10.09
orVeYOUFVqQ,Black Desert Online Xbox One | Easy Grunil Armor | Where to Get Grunil Armor Pieces PS4,"Mar 20, 2019",302,17361,766.5131,103,89040,9.71
kptO_aBjrB8,90 Second Morokai Boss Guide Throne and Liberty,"Jul 16, 2024",100,17307,266.1746,25,42826,17.5
SbyLcSSPoEc,Black Desert  Xbox One/PS4 | Sorceress Combo Guide | Animation Cancelling | Beginner Guide 2019,"Mar 4, 2019",387,17183,735.9603,97,98974,8.46
vqGFjb_Z6YI,Black Desert Online FRESH START | NO PAY TO WIN | EP 1: NewAccount | Softcap & Beyond,"Jan 1, 2020",666,16419,936.1528,227,105646,9.38
e8S0UACxdyw,Black Desert Online Xbox One | Sorceress Skill Build | Awakening Update,"Jun 3, 2019",742,15354,1075.606,63,115803,7.93
ZqtnqrY-STo,Black Desert Xbox One/PS4 |  You NEED to Know this | Understanding Fail stacks and Enhancing Gear,"Mar 25, 2019",928,14853,1808.5886,102,181910,4.03
uKGPMz_ZNCs,Black Desert Online | Season Servers | Hints and Tips,"Jun 19, 2020",731,14648,1262.3701,43,163507,6.04
4xcJANMF8-o,Throne and Liberty Dagger/Wand Gear Guide for PvP | Vext EU Nixx,"Oct 20, 2024",653,14430,613.3834,135,82010,8.92
QScfT4U_QZg,Black Desert Online Xbox One X | Vext 1 | Sorceress PvP | 1 v X | ALPHA EU | PS4,"Mar 10, 2019",680,13068,520.0406,46,86348,7.75
KqLcmQaEj9c,Black Desert Online Xbox One/PS4 Roadmap - First Half of 2020 Released | Hype? Or Not?,"Jan 22, 2020",469,12767,687.4055,47,79709,7.04
6f3MU2sodOw,Black Desert Online Xbox One/PS4 | Unlimited Weapon/Armor Blackstones | Using the Marketplace,"Mar 18, 2019",193,12728,453.1326,71,94500,7.92
5y0H3096QrM,Black Desert Online Xbox 2019 Power Leveling | Grinding 1 to 50 FAST! The Fastest way to level PS4,"Feb 22, 2019",555,12702,643.0729,60,91741,7.46
j3uQIxK5_f0,Wand Spear a New Meta Class? My Thoughts After Testing with the newest weapon in Throne and Liberty,"Dec 9, 2024",664,12652,480.7092,8,63584,11.87
N8P_P4fHPMw,Black Desert Online Xbox One | Upgrading Pets | Pet Breeding | How To PS4,"Mar 24, 2019",346,12625,748.5591,65,98914,6.87
zcWGEaM1zeE,Black Desert Online Xbox 2019 Things you may not Know | Beginner Tips #1 | Tips and Tricks PS4,"Feb 24, 2019",383,12441,563.1486,47,90144,7.93
607_nPZmhVg,How Damage over time (DOTSs) work in Throne and Liberty,"Oct 22, 2024",303,12400,519.8339,40,89053,7.37
DcSInxREnWs,Understand Blessings for Tier 2 and Tier 1 in Throne and Liberty,"Nov 10, 2024",751,12280,958.6595,102,117908,4.46
z2iedHmWVQI,Black Desert Online Xbox One X | Guild War | Alpha Guild | Biggest War So Far | Symphony | RedRise,"Mar 6, 2019",434,12162,319.1857,21,65434,11.45
A1UTQ7bZcc0,Black Desert Online PS4 | The Grind Ep2: Level 57 to 59 In under 5 Hours | Enhancing Gear Full TRI,"Sep 1, 2019",662,11852,751.8626,107,82655,7.17
7AjDvRpAmJ8,Black Desert Online PS4 | 2 New Classes | Node/Conquest Wars and More | 4 September Update,"Aug 30, 2019",487,11796,654.6074,105,65906,6.85
Aj2jViCEI-U,Black Desert Online Xbox One | Asula Accessory Upgrading | How to | Is it Worth It?,"Apr 11, 2019",420,11789,607.0537,38,79342,8.31
wSuzcXpLMwU,Black Desert Online Xbox One | 10 Million Silver Per Hour | Rogues Grinding Rotation PS4,"Mar 24, 2019",547,11777,561.922,77,71112,9.31
IjRfZpcb5e0,Black Desert Online Xbox One | Preparing For Awakenings | Things To Be Aware Of,"May 18, 2019",558,11626,889.6355,84,86414,6.79
7pRGLsLiln8,Black Desert Online Xbox One | Pandemic Part 1: Musa PvP | 1vX | ALPHA v ALPHA Red Battlefield,"Apr 7, 2019",462,11534,453.8434,15,74819,9.01
qcL0vTnEBAg,Dagger/Wand AoE Farming PvE Build | Throne and Liberty,"Oct 24, 2024",464,11292,245.8668,33,47899,13.87
pizr_K-TJHE,Black Desert Online Xbox One | Hidden AP and DP Brackets | Bonus AP and DP,"May 5, 2019",537,11279,750.7002,50,87893,7.02
YJWqR9LoW18,Black Desert Online Xbox One | Stats Explained | Basic Overview | How to Level Them PS4,"Mar 11, 2019",367,11181,628.7649,61,107898,6.31
xVt8r0oEtHc,New Wand Dagger AoE Farming Build! Throne and Liberty,"Dec 2, 2024",446,10905,381.5641,25,61059,10.69
OsTCZuIBe4U,"Black Desert Online Xbox One | 4 New Classes | Lahn, Striker, Dark Knight & Musa | 03.04.19 PS4","Mar 27, 2019",326,10805,593.778,51,86296,6.03
AUSqB9l_40o,Black Desert Online PS4 | Preparing For Awakening | Awakening Patch 25 September,"Sep 16, 2019",870,10429,765.8592,99,70375,7.75
3S5HiYZmrZY,Black Desert Online FRESH START | 1 Billion Silver in 16 hours | NO PAY TO WIN |  Episode: 4,"Jan 8, 2020",742,10365,755.8402,36,73785,8.04
5ao50Z7T5dI,"How to Climb to Mythic Rank in Arena PvP – Dual Blades & Strategic Sword Build, Where Winds Meet","Dec 6, 2025",506,10268,362.2612,33,41105,11.55
wZ691zJPH2M,Wand and Spear as a Class First Look at a New Contender for Sleep Bombing in Throne and Liberty,"Dec 5, 2024",1217,9927,464.3182,19,54995,9.99
q-iMohAQTGQ,Wand Dagger PvP and Build | Throne and Liberty | Vext volume 2: Sleep Bombs!,"Nov 13, 2024",484,9916,368.6652,37,44588,10.81
G5ZAyJj19Xw,"Black Desert New Class: 61 Sage Gameplay, Grinding and PvP later","Mar 17, 2021",14410,9911,918.4536,3,94731,7.55
bgDftzTbAdw,Don't play Wand/Dagger in Tier 2 Throne and Liberty | Why I Disagree With This Video,"Nov 14, 2024",700,9855,674.5501,53,71584,8.29
cHKCJ1EIz1A,Wand Dagger PvP 1vX Sleep Bombs | Vext EU Throne and Liberty,"Oct 19, 2024",237,9574,279.6268,53,43785,11.23
lOfyJp7_-wc,Black Desert Online Xbox One 2019 | 5 Things you NEED to know about BDO PS4,"Feb 16, 2019",274,9513,334.0342,19,68852,7.95
DtuChvFbWwY,Black Desert Online Xbox One | Building a Worker Empire | Part 1 | The Basics PS4,"Mar 28, 2019",580,9503,802.2984,122,84603,6.01
Ba9YOR3fMqs,Black Desert Online Xbox One X | EASY PRI/DUO/TRI Accessories   | Sealed Magical Power PS4,"Mar 10, 2019",271,8800,379.2852,52,65576,7.53
KCVQcxjcQ5o,Black Desert Online Xbox One | Liverto Is a Trap | Ermmm Ok But is it Really?,"Apr 24, 2019",646,8778,676.9584,20,67581,7.36
3OjL8oDJ9wI,Black Desert Online PS4/Xbox One | How to get FREE pets | Everyone can get these no spending needed,"Dec 10, 2019",541,8635,491.8133,13,80350,7.03
mfI0uhY9b1U,Black Desert Online Xbox One | Mediah Armor Sets | Gear Progression PS4,"Mar 14, 2019",641,8427,546.3291,73,79783,5.98
OC7LXgT0Wtk,Black Desert Online Xbox One | 8 million+ while you sleep | AFK fishing is king,"Apr 19, 2019",331,8275,424.3182,25,64727,7.8
VvlVznGmqWE,Black Desert Online Xbox One | Preparing For Valencia | Surviving the Valencia Desert,"May 2, 2019",676,8114,691.2638,58,67852,6.43
VDQX3li16QY,Black Desert Online Xbox One | Musa Animation Cancels | Pre Awakening | Skill Combos,"Apr 6, 2019",554,7872,467.0498,43,73170,6.32
XvzzoPID-Wo,Black Desert Online Xbox One | Mediah Accessories | Asula Set PS4,"Mar 14, 2019",442,7842,445.8755,117,69508,6.32
guKuPuM_4g0,Increase Drop Chance on Items Throne and Liberty,"Jul 16, 2024",234,7818,159.9971,12,24964,7.21
TathOcaWLzE,Early to Endgame Tier 1 Wand/Dagger Gear Progression | Throne and Liberty,"Oct 26, 2024",812,7817,347.2043,51,68378,6.39
G8Bs4-Pq3MU,Wand Spear as a Class in Throne and Liberty Is it viable? First Thoughts,"Nov 27, 2024",655,7766,289.0985,17,35673,11.96
q_PwmV0O0Qs,Black Desert Online Xbox One | Ancient Relic Crystals | Forbidden Books | Easy Memory Fragments PS4,"Mar 16, 2019",281,7526,305.6704,40,71208,6.27
wkZ3LYOy-M4,Wand Dagger Best PvP Build? The Build Changes I Made for Siege and why | Throne and Liberty PvP,"Nov 18, 2024",868,7474,402.5416,25,48763,7.75
67Zmcpia7TY,Black Desert Online Xbox One | Boss Armors Now Added | Field Bosses Added | Which pieces to focus?,"Apr 10, 2019",396,7420,447.8185,47,72843,5.84
KJu51EFPlCo,Black Desert PS4 & Xbox One | Official Beginners Guide to Character Stats | A Basic Overview,"Jul 9, 2019",259,7388,253.5758,76,50957,6.56
VhQFNteE8cs,Black Desert Online Xbox One | Awakening Patch Notes | Xbox Patch 29 May 2019,"May 29, 2019",936,7333,677.4601,18,54776,7.4
kovpoD1ohM4,Black Desert Online PS4 | The Grind Ep1: Starting Over From Level 1 | Wizard 56 and Sorceress 53,"Aug 22, 2019",709,7178,451.7874,64,51880,7.71
HbVIpsItoAU,Black Desert Online Xbox One | Sorceress Awakening Weapons | Awakening Skill Builds,"May 22, 2019",491,6987,318.1738,19,56573,7.06
p8x8kqA8Bco,Black Desert Online Xbox One | Sorceress Awakening Combos | What I'm Using Currently,"Jun 6, 2019",327,6937,318.7401,58,53979,7.38
E5PVZMxVIgQ,Black Desert Online FRESH START | NO PAY TO WIN | Ep2: Enhancing and Musa Gear,"Jan 3, 2020",713,6933,494.04,35,46057,8.55
kRMfr3PuzDI,Game Mechanics and Dagger Tricks You Probably Didn't Know About! Throne and Liberty,"Nov 29, 2024",328,6835,323.8729,23,63453,6.28
KqshkIEGn_g,Black Desert Online Xbox One | Building a Worker Empire | Part Two | Cooking PS4,"Mar 31, 2019",380,6601,451.8078,33,49246,7.09
gjuoMeVfTgU,Black Desert Online Xbox One | Valencia Patch Notes | May 8th Patch,"May 8, 2019",1142,6567,784.2197,31,70198,5.15
lmHeadSpOiY,Black Desert Online Xbox One | Level to 55 In Under 2 Hours | New Class Event | Power Level,"Apr 5, 2019",306,6549,284.96,33,44944,7.88
P_UsfrseixI,Black Desert Online Xbox One | Kutum Vs Nouver | Which offhand/subweapon is BEST? | Lets Take a Look,"Jun 18, 2019",520,6431,422.3222,14,62197,5.49
UgzUseJDyQE,Throne and Liberty Cursed Wasteland Solo | Dagger/Wand,"Oct 22, 2024",707,6372,226.0571,25,55196,7.75
GiqOGHDmskQ,Black Desert Online Xbox One | Ninja Release Announced | Will there be any Ninja gods on console?,"Jul 5, 2019",260,6362,235.7843,22,43275,7.33
bqvgWp45hN4,2 Star aka Tier 2 Dungeons Use the Same Dimensional Tokens as Tier 1 | Stop spreading misinformation,"Nov 10, 2024",108,6321,111.9596,29,32163,9.83
CAg0FVT_vQM,Black Desert Online PS4 | Accessory Progression | Upgrading from Asula | Enhance or Buy?,"Nov 4, 2019",1441,6098,783.7334,17,66669,5.55
kiya89ASRQk,Black Desert Online PS4/Xbox One | Best Nodes For Imperial Cooking  | Low CP cost worker empire,"Dec 12, 2019",810,6048,494.7098,40,64350,4.89
QkdRWLbsnQ0,Wand Dagger Evasion Build With Runes Throne and Liberty 5 December Update,"Dec 4, 2024",800,6025,274.563,17,41400,8.34
W09C8ZR9Qe4,Black Desert PS4/Xbox One | Grind Spot Etiquette | Settle Grind Spot Disputes,"Jul 14, 2019",644,5885,452.2706,24,39255,7.23
W-6oV_L3cTY,Black Desert Online PS4 | What Content Will PS4 Have? Speculation | Looking Back at Xbox Roadmap |,"Jul 21, 2019",1028,5757,462.8512,17,48351,4.58
zMPo6Ux6Z7A,"Black Desert Online Xbox One | NEW ROADMAP! | Kamasylvia, 6 New Classes and More! |","Aug 2, 2019",487,5653,320.9188,22,37166,6.21
nh28PhmLOjQ,Wand Dagger 22 Second Gate of Infinity | Out of Sight | Throne and Liberty,"Nov 8, 2024",104,5536,98.3375,13,22482,11.06
XFWeZITPT88,Black Desert Online Xbox One | Why you need more than one character! | Alts Are Important PS4,"Mar 19, 2019",342,5454,293.5342,53,53285,5.16
aos73KVIjbo,Black Desert Online Xbox One | Easy Fail Stacks | Valks Advice | Lvl 55 Alts,"May 17, 2019",399,5425,249.3234,14,43160,6.81
B57Q7dHPtLA,"Black Desert Online FRESH START | 840Mil Spent on Relics, Worth or Not? | NO PAY TO WIN | Episode 5","Jan 13, 2020",753,5385,376.7057,22,41424,8.18
xwD64MeygDE,Black Desert Online Xbox One | Sorceress Animation Cancels and Transitions | Awakening Skills,"Jun 1, 2019",491,5360,365.867,26,56186,5.27
j1G8kdYd9js,Black Desert Xbox One/PS4 | Downgrading Gear for Fail stacks | Creating a Negative Karma Alt PS4,"Mar 25, 2019",434,5343,288.7266,15,41853,6.07
sGTGAX2Sb_I,"Black Desert Online Xbox One | Siege PvP is Dead! Eu | Leaving ALPHA, sad times","Jun 22, 2019",443,5327,331.1513,10,36432,7.64
13s0OXKEtxE,Black Desert PS4 & Xbox One | Official Beginner Armor Guide | Which Armor Set For Beginners,"Aug 6, 2019",270,5266,206.2049,45,37889,6.55
UI_Zsd9BArQ,Black Desert Online Xbox One | Building A Worker Empire | Part Three | Alchemy | Velia and Heidel,"Apr 14, 2019",441,5245,371.7169,43,45291,5.86
Bb2QG8cbLE0,Black Desert Online Xbox One | Sorceress Mobility and CC in PvP | Beginners Guide PS4,"Mar 30, 2019",1253,5188,425.7825,23,52613,5.57
IZxk69pylG0,Season Server 240AP/305DP Sorc - Hystria Testing,"Jul 9, 2020",6707,5140,202.6669,-3,30052,12.18
DcPizqyRgqc,Black Desert Online Xbox One | Gathering Hards and Sharps | Lucky Tools PS4,"Apr 1, 2019",242,5122,240.9644,19,41626,6.63
um7Di0Jkc98,Black Desert Online PS4 |  Confirmed BETA and Launch Information | Shirna/Trent Stream Recap |,"Aug 5, 2019",726,5104,379.1393,37,46990,5.45
t14VDIUlVrY,Black Desert Online PS4 | Striker and Tamer Classes are coming | November 6th Update | What else?,"Oct 31, 2019",679,5063,313.2166,26,47712,5.38
skiwxpH1C2A,Insane Dual Blades + Strategic Sword Build - Climbing to Mythic Rank PvP - Where Winds Meet,"Dec 3, 2025",408,5061,123.5426,8,20557,10.6
kTpMi6SWYs8,Nixx vs Talus Server 130 v 1200  | Tevent Archboss Throne and Liberty Full Comms,"Oct 30, 2024",2081,5004,353.5118,24,34927,6.54
F3deJTo61Q4,Reaching Higher Gate of Infinity 44 Seconds Dagger/Wand,"Oct 25, 2024",64,5001,71.8936,30,32626,8.85
3W7dn3zp9Yk,Preparing for Spear Throne and Liberty's First New Weapon!,"Nov 27, 2024",461,4910,236.5201,11,54409,5.66
1_5x486VUSQ,Use Blessing for 100% Upgrades - Throne and Liberty #throneandliberty #blessing #upgrade,"Jul 18, 2024",10,4843,16.9692,3,67183,3.78
olHZ_YnWX08,Black Desert Online PS4 | Valencia Update | Preparing for Valencia | September 25th,"Sep 16, 2019",778,4835,406.2989,34,34305,5.91
yMNfj4sQv08,"Black Desert Online Xbox One | Patch Notes 19 June 2019 | Arsha Servers, Nouver, Shai and More","Jun 19, 2019",659,4798,363.8922,20,47440,5.26
p3frfDnqrIw,Black Desert Online Xbox One | Guild Boss Scrolls | Easy Liverto Weapon Farm PS4,"Mar 21, 2019",518,4778,205.5029,22,40481,6.89
an5DuvHKaQ4,Wand/Dagger gate of Infinity  55 Second Build | Swirling Firestorm & Revenge and Resurrection,"Nov 1, 2024",157,4713,94.4396,20,31428,8.17
baCYZSDDWK0,Black Desert Online PS4 | What to Expect During the Beta | Possible GM Events | More Speculation,"Aug 3, 2019",619,4657,267.1073,15,37906,5.52
u7MWGVjNzZ8,"Wand/Dagger Gate of Infinity, Swirling Firestorm 58 seconds Throne and Liberty","Nov 2, 2024",61,4655,50.2633,2,44236,6.03
dSOnOQz1mZ0,Black Desert Online Xbox One | 10-12 Million Per Hour | Canyon of Corruption | Grind Rotation,"Apr 24, 2019",388,4561,236.7363,15,35613,7.21
x-xp5MXTCZs,Black Desert Online Xbox One | Upcoming patch | Dev Stream Recap | 19 June Patch,"Jun 17, 2019",780,4536,450.907,22,39338,5.58
v4XTx29Zt7s,"Black Desert Online Xbox One 2019 | What should you buy? Standard, Deluxe or Ultimate Edition PS4","Feb 17, 2019",345,4503,146.2108,8,36635,6.25
Wtag7lcY9I8,Black Desert Online Xbox One | Escape Jail in Under 2 Minutes | Easy Jail Break,"May 15, 2019",289,4435,224.9303,8,38502,5.46
N8EXU70oe-k,Black Desert Online Xbox One/PS4 | Guaranteed Hard/Black Crystal Shards | Quests for Shards,"Apr 2, 2019",467,4431,208.1779,29,39429,5.95
BVoDFcUzOgM,Wand Dagger 22 Second Gate of Infinity - Qami,"Nov 8, 2024",60,4257,52.2868,10,50756,4.76
PPNyUwuLD08,Black Desert Online PS4 | Beta Announced | August 9th Beta for PS4 | Classes confirmed,"Jul 24, 2019",426,4212,185.4767,27,35649,5.8
sao7ZT7Nj34,Queen Bellandir Archboss | Dagger Wand Flex Group POV with Comms,"Nov 9, 2024",1117,4199,306.8178,12,34558,6.4
PT0USw9DnrM,Black Desert PS4 Launch | Wizard Gameplay | Leveling and Gearing All Day!,"Aug 20, 2019",17635,4191,426.5416,12,41101,6
thDAqJYVa9U,Black Desert Online Xbox One | Upcoming patch | Dev Stream Recap | 26 June Patch,"Jun 24, 2019",653,4098,338.691,19,28520,7.66
9jlT4QR-VsI,Spear / Dagger PvP Builds Throne and Liberty | Week One First Build Ideas,"Dec 11, 2024",745,4087,144.4448,10,33959,7.12
TV38HRm7qDk,Black Desert Online Xbox One | You're a Wizard Vext | Why I'm Playing Wizard Currently,"Jun 15, 2019",335,4079,195.1979,14,31386,7.61
nIc1fJdxrQc,How Will Castle Siege Impact Your Server? Throne and Liberty Stonegard Castle Siege,"Nov 13, 2024",485,4041,237.2808,5,38889,5.71
JtTusB47_d8,Wand Dagger PvE Healing Build Throne and Liberty | We can Heal 2 Star Dungeons Just Fine,"Nov 17, 2024",661,3946,172.49,11,29967,6.75
a2h2JwphUl8,Wand/Dagger Stonegard Castle Siege Talus Server Throne and Liberty The Real End Game,"Nov 17, 2024",856,3934,229.5752,9,34895,6.55
awHPFInuxKg,Black Desert Online Xbox One | Sorceress Absolute Skill Build | Which Absolute Skills to Take,"Apr 28, 2019",828,3925,248.832,14,39932,5.46
m-2O2cyqr3k,Black Desert Online Xbox One | Musa Absolute Skill Build | Best Absolute Skills Pre Awakening,"Apr 29, 2019",482,3918,177.9379,11,34723,6.07
tIcMjnVBz50,Black Desert Online Xbox One | Melting Accessories | Hard and Sharp Crystal Shards PS4,"Apr 3, 2019",348,3842,158.5909,25,34968,5.65
0AnUSmaPcpU,Black Desert Online Xbox One | Life Skill Passive Silver | Tools To Help Make Millions,"May 4, 2019",798,3829,327.1541,12,46199,4.52
ZMSPGYpKIFM,"Black Desert Online PS4 | The Grind Ep3: Baby Luck, Kzarka, Musa, Dark Knight, Nodes & A Terrible CM","Sep 9, 2019",880,3828,283.1937,19,36897,5.23
iUWncs-nfU4,"Black Desert Online PS4 | Striker, Tamer, Karanda, Marni Stones, Imperial Cooking, Arsha and MORE!","Nov 5, 2019",1472,3822,452.3528,36,45636,4.45
iKDZyo52FYA,"Black Desert Online FRESH START | NO PAY TO WIN | Ep 3: My Nodes and Gear Update, Big update coming!","Jan 6, 2020",606,3813,273.6109,5,32442,6.74
Thi0PtUPsdo,"Black Desert Online Playstation 4 | PS4 Pre Orders 2 July 2019 | Speculation, what to expect?","Jun 12, 2019",620,3715,173.2747,11,30539,4.46
O_iSvrlhf5g,Black Desert Online Xbox One | Unlimited Carry Weight | Single Stack of Items,"Apr 21, 2019",298,3673,161.1178,15,33726,5.9
1YV01ERKj5w,Throne and Liberty 2 Star/ Tier 2 Dungeons 21 November and Changes to Dungeon Tokens.. I was Wrong,"Nov 14, 2024",207,3665,98.8157,1,21306,6.57
zUG1P3u6m4E,Black Desert PS4 | Frequently Asked Questions | PS4 BETA and Release |,"Jul 29, 2019",605,3637,204.1246,6,33021,5.64
0BykmyJKihs,Wand Dagger Nerfed Today? Explaining Throne and Liberty Patch 1.8.0,"Nov 21, 2024",606,3609,188.3822,7,29372,7.39
0k6nBB2kZd4,Black Desert Online Xbox One | Ninja Awakening Patch | Dande Weapons and More! | July 24 Patch Notes,"Jul 24, 2019",1050,3607,371.8263,19,44652,4.15
J8YyYOFvIDw,Dual Blades & Strategic Sword Mythic PvP Build,"Dec 6, 2025",61,3516,21.7919,0,17442,4.88
JMVLPX04YvI,3825 Wand/Dagger - Arena with new build,"Nov 24, 2024",10136,3350,432.9121,2,22488,9.02
oNUvU6tmnZk,Black Desert Online Xbox One | Pay to Win? Or Pay for Convenience? | Looking at the Numbers,"Apr 16, 2019",774,3202,291.837,10,31690,4.72
h7D-80-UKWQ,Black Desert Online Xbox One | Kamasylvia Patch | Archer Class | Fairy Companions &Tons of Content,"Aug 14, 2019",883,3154,323.8753,8,44054,3.9
Eo84KG40lrg,BLACK DESERT PS4 BETA - GIVEAWAY STREAM! 5 COPIES OF BDO PS4 STANDARD PRE ORDER (NA VERSION),"Aug 10, 2019",30757,3135,484.7402,37,40432,4.37
oXTvbD9Kd94,Throne and Liberty Cave of Destruction Solo | Dagger/Wand,"Oct 23, 2024",743,3122,99.0234,10,28574,7.01
WS5pMzn4Ev0,Swirling Firestorm Gate of Infinity 58 Seconds Dagger/Wand,"Oct 28, 2024",63,3099,40.9072,6,24286,7.42
RQW2ObhiW3k,"Wand Dagger Siege Defence With Comms, Talus EU Throne and Liberty Nixx & Nyxx","Dec 1, 2024",1081,3040,210.4189,5,28311,5.99
fSdmnBcyfM4,Throne and Liberty Tyrant's Isle Solo | Full Clear Dagger/Wand | Tips Included,"Oct 20, 2024",711,3016,83.4463,14,24637,6.73
2scG5bgpm4Q,Black Desert Online Life After Season Servers - New and Returning Players,"Mar 3, 2021",224,2965,88.8003,8,26968,7.59
 -Rbc08EZ5T0,Throne and Liberty Dagger/Wand | Guild PvP and Abyss Farming,"Oct 24, 2024",20435,2925,440.0238,28,28953,6.07
6kWNYVou7pE,INSANE Dual Swords + Strategic Sword - 80% HP PvP Combo #pvp #gaming,"Dec 3, 2025",43,2863,12.8595,0,10169,4.72
Qo2tP3Z7GLg,3712 Wand/Dagger 3800 push - We have Tevent Wand! Catching up on daily grind - Vext - Nixx Talus EU,"Nov 4, 2024",12594,2844,455.6117,14,22254,7.43
Jx8XOXk3R-s,Black Desert Online Xbox One | New Class - Shai | FIRST Dedicated Support Class,"Jun 13, 2019",182,2809,75.836,0,24963,5.14
6r5AHdW0aYQ,3672 Wand/Dagger - We have Tevent! Catching up on daily grind - Vext - Nixx Talus EU,"Nov 2, 2024",13155,2793,502.579,14,23811,7.04
Wq--K815YvM,BLACK DESERT PS4 BETA - GIVEAWAY STREAM 9 AUGUST 22:00 GMT // 15:00 PDT,"Aug 9, 2019",8094,2747,228.756,11,26657,5.99
xlpP7evBeMc,Black Desert Online - 61 Sage 1887Sp Learning as we go!,"Mar 18, 2021",4649,2719,123.9953,-1,16602,8.87
jfjHKR7HAJU,Black Desert Online Xbox One | Sorceress Crystals | Crystal Setup for PvP |,"Apr 17, 2019",842,2705,157.3837,2,31783,4.12
aYtWcPzhPhA,3740 Wand/Dagger - 3800 club tonight?,"Nov 10, 2024",10061,2648,325.2141,10,19153,8.43
MyrXKF_umpo,Black Desert Online Xbox One | Free Accessories | Mystical Golden Egg Event,"Apr 18, 2019",212,2598,95.08,9,24961,5.64
LrDo91pWc1A,3720 Wand/Dagger - Pushing Activity/making lucent,"Nov 7, 2024",11010,2568,349.2948,9,19655,8.35
ildLGp26vwU,Increase your Drop Rate in Throne and Liberty,"Jul 16, 2024",33,2565,17.0734,1,31835,2.6
J7KGG12O9_s,Traits and Blessing Points Upgrade Your Gear! Throne and Liberty,"Jul 17, 2024",216,2513,67.6826,9,18437,5.25
mNnPLsxS7OQ,Que 5v5 NOW in Where Winds Meet - Prison Escape Game Mode,"Dec 3, 2025",40,2511,18.7193,-1,13622,9.32
I8juy0J-Vzo,Leveling Ninja on NA with the Co founders of eXile - route plan for PS4,"Jul 10, 2019",10354,2464,384.749,3,20262,5.64
A_7-VwwkLiA,Vext Gaming - TET KZARKA!!! Friday Night Chill,"May 10, 2019",11009,2462,574.8758,3,24970,5.41
JSnHKrbvw80,Crossbow Dagger PvP Montage | Ginyz,"Nov 11, 2024",231,2438,81.4256,4,21755,6.62
DLd5vbEf8FA,Wand / Dagger Darkblighter Discord I need Your Help!,"Nov 21, 2024",219,2400,36.8184,13,16790,8.31
VLDZyh4jcwI,3712 Wand/Dagger - Guild stuff then F2P alt character starting over,"Nov 6, 2024",18636,2312,345.3607,10,19809,7.43
g0sNr8vBDx8,Saurodoma Island | This is my Geyser!,"Oct 21, 2024",37,2282,20.5685,2,15387,7.1
4o_OMDaWoVk,Tax Delivery Event With Voice Comms Throne and Liberty | Nixx and Nyxx Vs Talus Server!,"Nov 16, 2024",1462,2224,161.3769,4,23366,4.72
ZV4MJqj3Msg,Official Sorc Awakening and Valencia Stream,"Sep 28, 2019",7619,2186,453.4967,-2,24758,5.19
-0omPnYGLOw,Black Desert Online Xbox One | Striker Absolute Skill Build | Best Absolute Skills,"May 4, 2019",440,2139,98.8038,6,26961,4.66
s2kTCDq0vgc,Wand/Dagger Gate of Infinity 55 Seconds #gaming #throneandliberty #wanddagger,"Nov 2, 2024",61,2033,18.0703,3,9183,2.84
z6oZlS_xD3c,Perfect Dodges Win Arena Matches - Where Winds Meet,"Dec 8, 2025",55,1953,11.5769,0,5018,5.06
FA9y7Y_WPSs,Morokai Boss Fight in 60 Seconds - Throne and Liberty,"Jul 16, 2024",61,1945,13.2282,0,30100,2.57
aaNTf_JDE74,"BLACK DESERT PS4 BETA - 123 AP Sorc Vext - PvP and Chilling, eXile Guild","Aug 11, 2019",5296,1889,163.3614,-1,20556,4.18
 -y7UK6w_Hog,Black Desert Mobile | Soft Launch My First Thoughts | Pearl Abyss I'm Impressed!,"Oct 26, 2019",860,1888,126.4791,-2,29661,3.74
ZQMxAQwLvao,Black Desert Online Xbox One | 450LT Carry Weight CHEAP! | No Pearls Needed,"Apr 25, 2019",324,1866,64.202,3,19803,5.16
ykhXy--W2gY,Black Desert Online PS4 | 5 Copies of Black Desert PS4 To Give Away | Just hit 5k Subs | BETA stream,"Aug 7, 2019",278,1856,52.1543,55,22667,3.96
XoSfew3W30s,Black Desert Online Xbox One | Ranger Absolute Skill Build | Best Absolute Skills | Pre Awakening,"May 1, 2019",604,1847,99.1276,10,24396,4.07
JAhFHdQX42c,Black Desert Mobile | How to Install and Play BEFORE Global Launch | Any Region. English Language,"Oct 26, 2019",392,1816,38.2571,-4,18476,3.88
oZ4TVF2zk-Y,Vext Gaming - Sorc v Sorc 1v1 Practice,"May 25, 2019",7761,1792,240.2928,-3,18819,4.9
cbOOZfz4shE,Black Desert Online PS4 | January 15 Updates | Dandelion Weapon Changes | Pearl Shop Update | Events,"Jan 16, 2020",779,1726,127.1919,5,27594,3.87
tioH1w8k3p4,"BLACK DESERT PS4 BETA - 123 AP Sorc Vext - PvP and Chilling, eXile Guild","Aug 10, 2019",10026,1712,181.8896,1,22069,3.88
x41CwkDmOzs,3748 Wand/Dagger - Friday Night Chill - Siege weekend!,"Nov 16, 2024",16124,1708,318.5488,9,18846,5.93
Q_mSHOZGmHM,Dual Blades & Strategic Sword Mythic Arena Domination,"Dec 6, 2025",42,1695,6.3504,2,3037,3.16
MeMh-ymMHgs,Throne and Liberty Gate of Infinity | Shield of Stalwart Cooperation 1 minute 9 seconds,"Oct 21, 2024",104,1694,22.7097,0,15635,4.19
DjzsqepqJWE,Amazon and NCSOFT Need to change PvP Times! Throne and Liberty PvP Times,"Nov 7, 2024",389,1676,52.2973,0,15883,5.23
awcKBhpKD8Q,Que 5v5 in Where Winds Meet - Prison Escape PvP Mode,"Dec 3, 2025",16,1615,2.5058,0,4613,5.14
vD5AwEGEiDA,Throne and Liberty Dagger/Wand Gameplay,"Oct 23, 2024",4921,1602,161.6898,12,19065,5.15
l2QAk364zro,Traits in throne and Liberty #throneandliberty #traits #gear,"Jul 18, 2024",60,1500,15.0668,0,36477,1.59
y3q1VRvF1Ic,Black Desert Online Seasons | New & Returning Players Unite | COVID-19 Distractions,"Jun 8, 2020",1061,1429,93.9643,-1,17204,4.48
z1tzcHDxTbM,Black Desert PS4 Launch - Episode 1,"Aug 20, 2019",3020,1368,70.0336,5,19602,4.03
tB_pG7wm0pI,3720 Wand/Dagger - Pushing Activity until world bosses,"Nov 9, 2024",7809,1351,173.6764,10,12947,5.53
FJB8Yw5_nF8,Temple of Slaughter is easy! Duo Clear | Throne and Liberty | Dagger/Wand with Qami,"Oct 25, 2024",301,1324,34.4305,6,21611,3.92
dxqULyrtcKU,Vext Gaming - Failing enhancing is fun.... not,"Apr 21, 2019",7420,1284,212.9038,4,16363,4
vZbVKkewgqI,[Xbox][AMA] Vext Gaming - Friday Night Chill,"Apr 26, 2019",8799,1232,347.0097,2,17759,3.45
omNhC5MHTbc,Vext Gaming - Sorceress Grinding/PvP,"Apr 16, 2019",8812,1162,162.5527,-2,15462,4.22
1eR4MvlW_8o,Vext Gaming - Leveling Lahn Answering Questions,"May 4, 2019",4141,1109,116.4223,1,16361,3.73
9296nzqJVPU,Black Desert Online Xbox One | Patch Notes | Griffon Guild Boss | Contribution EXP from Fishing,"Sep 10, 2019",700,1087,84.3319,-1,20898,2.64
lLcnNLT_qkE,Black Desert PS4 -Pre Siege Node War and Mystic Lols,"Dec 7, 2019",3332,1062,58.4923,-10,13680,4.21
gQPI7YKQ5P0,"Vext Gaming - ALPHA Serendia Siege (no voice, delayed)","Apr 13, 2019",3914,1023,82.3013,1,13778,3.4
WJE97dvlRpo,3825 Wand/Dagger - Siege Day Hangover Stream,"Nov 19, 2024",9513,1017,143.6053,4,10002,6.28
bcuH7AHSFxg,Enhancing Tuvala to Pen - Explaining My Approach and Why!,"Jul 14, 2023",540,1010,47.1512,0,10710,5.04
gcWaeV1XzTA,Vext Gaming - Sorceress Q&A - 1v1 Practice I'm Rusty!,"Apr 20, 2019",5710,1000,163.3926,-1,14760,3.48
YwlusKdW4mM,"Black Desert Online 3rd March Updates - 1000% EXP buff, Elvia Servers and more!","Mar 3, 2021",524,950,38.2912,-1,13322,2.69
YqoIyEkVxp4,Vext Gaming - Leveling Lahn Answering Questions,"May 5, 2019",6267,894,124.7916,5,16839,2.75
3Q4XCGOmQvM,[Xbox][AMA] Vext Gaming - PLease ask questions in Twitch Chat,"Apr 24, 2019",12909,889,283.917,1,16316,2.76
JRnC25-3YNU,Vext Gaming - Chilling pre Valencia,"May 8, 2019",11478,888,168.7417,2,4554,9.16
0PZ8vnX708U,1 minite 9 second Gate of infinity - Dagger/Wand,"Oct 21, 2024",61,829,8.0173,0,11357,2.1
uGreZn6mVeI,"Vext Gaming - Sorc Training, ALPHA EU","Apr 17, 2019",6705,822,131.7938,0,13889,2.99
q_S82JqX67w,Black Desert Online Xbox One | Rotating Food Buffs | 20 Extra AP | Correctly Buffing,"Apr 15, 2019",319,742,43.0888,5,5186,7.75
uUnz0H627II,Teamfight Tactics | OP! Assassin Vayne & Varus | TFT | LOL Auto Chess,"Jul 6, 2019",1023,710,13.6212,-3,12185,2.83
NkGRBh5MowY,Black Desert PS4 Launch - Episode 4,"Aug 20, 2019",3725,612,35.2278,2,15798,2.14
fMuhJ_kpN6Q,Black Desert PS4 Launch - Vext and eXile all day!,"Aug 20, 2019",563,542,12.0981,-3,11837,2.25
nKELdOcH48c,Strategic Sword + Dual Blades Hard Punishing the CC Break,"Dec 3, 2025",35,526,1.945,0,2194,4.01
_cccEFHFAA4,"Vext Gaming - Sorceress AMA, Prepping for Valencia","May 1, 2019",11444,515,92.1845,2,2941,9.11
ZhYkIJZB0n8,Dual Blades & Strategic Sword Mythic Arena Domination,"Dec 6, 2025",48,453,1.3527,0,1327,3.39
UqjyXGwaDPI,Black Desert PS4 Launch - Episode 2,"Aug 20, 2019",3419,452,35.6436,-1,12746,1.98
9m93GxiYA5I,Black Desert PS4 Launch | Wizard Gameplay | Leveling and Gearing All Day!,"Sep 28, 2019",53,408,2.1137,-6,13051,1.29
AiQFAEJpDXs,Black Desert PS4 Launch - Episode 3,"Aug 20, 2019",3114,325,25.1137,-1,13056,1.29
B4eVyspACHw,NEW WORLD Territory War -  Shadow Wolf Company PvP (Great Axe/War Hammer Gameplay),"Sep 5, 2021",451,295,6.7067,1,4633,2.98
ldlhFDkMPOc,Black Desert: 261 Hashashin today?,"Mar 10, 2021",6702,277,18.4906,-2,8004,2.17
dtwJL5JVQLg,New World Play for FREE this weekend (Open Beta pre launch),"Sep 8, 2021",360,261,5.587,-7,10679,1.41
bKEclFEAi0A,Huge Pay to Win Changes and Early Access Throne and Liberty,"Jul 16, 2024",312,260,4.4557,0,11708,0.94
LwcKX-Bw-IE,I'm Starting Fresh In Black Desert Online! Come Join Me On My Journey And Learn The Game With Me!,"Jul 14, 2023",170,258,6.4072,1,5238,2.23
ScY-AGcuYBU,"Black Desert Online - Hashashin Season Serve done, now what?","Feb 28, 2021",6965,246,11.901,-1,5571,1.85
I52xeR5poTk,"Black Desert Online - Hashashin Season Server, So much free stuff","Feb 26, 2021",11492,224,13.4447,-2,5853,1.91
lddmpSPelo0,Black Desert Online PS4 | The Grind Ep2: Level 57 to 59 In under 5 Hours | Enhancing Gear Full TRI,"Sep 1, 2019",3767,216,16.7689,0,1154,7.8
dvgaZGraAhA,3572 Dagger/Wand PvP | Throne and Liberty | Nixx,"Oct 19, 2024",189,214,1.4962,0,1997,5.76
3k257BnDRDE,3 Days In Black Desert Online: Where I've Been And Where I'm Going!,"Jul 14, 2023",702,172,6.6063,-1,6458,1.41
l6ZWpC8CWZQ,Where Winds Meets - Will You Play? All the Important Parts From the Launch Stream,"Nov 9, 2025",1065,168,7.717,0,2569,3.08
Q8IP35ifU68,Vext Gaming - 450GS Sorc Streaming on Twitch now!,,11608,166,6.1358,0,1123,8.37
iCLnJ7glHPE,"Black Desert - Saturday Night Cadry Grind, Season Arsha Server","Jul 15, 2023",7743,134,11.5271,-2,2883,2.81
CmLaXyjG_Ko,Throne and Liberty | Taedal's Tower Floor 3 | Screams and a Healing Song,"Jan 10, 2024",122,130,2.4974,0,2523,2.54
og84e59ZFrM,Throne and Liberty | Taedal's Tower Floor 2 | Rushing Queen Spider,"Jan 10, 2024",84,115,1.4891,-1,1517,4.42
c0tjluhAqbE,5v5 Perception Forest - Where Winds Meet,"Dec 6, 2025",11235,83,3.499,-1,1429,3.78
V1n61KzUDzs,"TSR Everfall Defence - New World, Bifrost  -  Greataxe/Hammer Highlights","Nov 4, 2021",1123,73,1.968,-1,1748,1.54
QTNL914CGQM,Hardcore WoW Day 1 - 15 Years later,"May 7, 2023",9014,66,6.0504,0,2227,1.75
QkN3Lmx8-tY,Rank 60 - 2000+ Battle Royale Duo Que - Where Winds Meet with Ledouche,"Dec 4, 2025",8702,64,5.0302,-1,1188,3.45
zVyiPSbFE3I,Throne and Liberty | Taedal's Tower Floor 1 | Charging Gatekeeper,"Jan 10, 2024",82,60,0.6439,-1,1329,2.33
ZEOs3ipB_bk,Climbing To Rank 1 Battle Royale Duo Que - Where Winds Meet with Ledouche,"Dec 6, 2025",11882,59,9.0234,-3,1630,1.9
InBwXF8O8T0,Diablo 4 Solo Nightmare Dungeon Farm - Sorceress,"Jun 15, 2023",1343,58,0.9982,0,1538,2.15
UwoGmLNyANE,Throne and Liberty | Taedal's Tower Floor 6 | Finding the Piton in the Flames,"Jan 11, 2024",155,56,1.0722,1,1622,2.1
sU0NVEkZBoM,Throne and Liberty | Taedal's Tower Floor 4 | Spinning Goblins,"Jan 11, 2024",107,50,0.6387,0,1286,2.95
_H1KOJ2PtCo,Karazhan Speed Run 1 Hour 1 Minute 32 Seconds,,3713,46,1.6905,0,569,1.93
4Tg_xljXFeI,"TSR Everfall Defence - New World, Bifrost  -  Greataxe/Hammer Highlights","Nov 4, 2021",1123,45,1.0817,-1,943,1.06
PL8yJyhkG6U,Hardcore WoW Day 2 - Making money as we go!,"May 9, 2023",2448,42,1.0672,-1,1948,1.9
zQZ2iWCSev0,Hardcore WoW Day 2 - Not dead yet...,"May 8, 2023",3693,40,1.7818,-1,1432,1.89
uhXCY4PL4vk,"Diablo 4 - Sorceress Leveling, Lets go!","Jun 4, 2023",304,40,0.6864,0,1109,1.26
U-jyueGSZ7c,Trait Gear Faster and Cheaper | Understanding Traits and Blessing Points | Throne and Liberty,"Jul 17, 2024",217,38,0.8287,1,363,2.75
IN3jfTjRgPU,Diablo 4 Fresh Rogue - Testing for season 1,"Jun 25, 2023",1213,29,1.291,0,1897,0.95
SsNAwPlrjM4,Throne and Liberty | Taedal's Tower Floor 5 | Warriors Cry,"Jan 11, 2024",115,28,0.4657,-1,999,2.1
z89Aiddc7hU,Diablo 4 Fresh Rogue - Testing for season 1,"Jun 24, 2023",1024,26,0.4066,0,1490,1.01
sci2IWp7U7A,Karazhan Speed Run Route,,4431,14,0.746,1,383,0.26
WsTpa0goOpY,Scrim 29/01/2025 YAPP Vs CLWNS,,1657,13,1.5145,0,0,
vu0XyQXfcYY,"Vext, Mike and Circus Flank V's The Scout Regiment",,1890,13,0.646,0,0,
E5trxqP6-TU,Throne and Liberty Morokai - Guild and Field Boss Guide,"Jul 16, 2024",121,13,0.0881,0,5,20
pCnpgXGOhHA,Where Winds Meet Mythic Rank PvP – Ultimate Dual Blades & Strategic Sword Build,"Dec 6, 2025",506,10,0.4843,0,77,5.19
obaKkroT1BE,Test Stream Overlay,,3884,6,1.0249,0,0,
9CIXm5YH7XI,GS/Daggers Floor 1,,74,6,0.0467,0,0,
aZYda3L2ls0,Rogue Maulgar/Gruul,,1584,6,0.4807,0,465,0.43
BwNA-wIjHzw,Diablo 4 Fresh Rogue - Testing for season 1,"Jun 24, 2023",113,5,0.0338,0,1242,0.24
FxNhwa2XJfY,TSR v GOT BEEF,,3164,5,0.1544,0,0,
zVcEgiIbUks,Swirling Firestorm Gate of Infinity 1 minute 3 Seconds Dagger/Wand,"Oct 28, 2024",72,5,0.0738,0,0,
Ni1AvX7q2Ok,Rogue Magtheridon,,497,3,0.0393,0,517,0.58
XKR0IpH46_s,Test Stream Overlay,,1783,3,0.3808,0,1,0
KGRDMRBO36o,Hardcore Sorceress - Preparing for Season 1,,44,2,0.0117,0,0,
Ricx4qRUuWY,Throne and Liberty | Taedal's Tower Floor 7 | The Bound,,101,2,0.0053,0,0,
TSi7Xw1Ujzo,"Throne and Liberty | Taedal's Tower Floor 8 | Poisons, Explosions, and Detox",,152,2,0.0425,0,0,
VNy0J_gjGQg,Hardcore Sorceress - Preparing for Season 1,,140,2,0.0152,0,0,
WtIrXx7SCIU,Black Desert Mobile,,4220,1,0.0025,0,0,
LcVT6hSA8ys,Diablo 4 - Ice Shards Iron Hold Farm,,196,1,0.0182,0,0,
U_cq6dvHHT8,Test Stream Overlay,,17,,,,2,0
5oyjRuB-kWI,Throne and Liberty Dagger/Wand | Guild PvP and Abyss Farming,"Oct 24, 2024",0,,,,19,0
yhkfIgElMy0,Test,,30,,,,2,0
S085xWOErbU,Giath,,369,,,,4,0
