Traffic source,Views,Watch time (hours),Average view duration,Thumbnail impressions,Thumbnail click-through rate (%)
Total,1799849,106319.5242,0:03:33,13541801,7.39
YouTube search,766413,39213.1705,0:03:04,5905783,9.56
Browse features,454787,31227.9344,0:04:07,3300614,8.48
External,175115,7956.1065,0:02:43,,
Channel pages,122183,8026.7017,0:03:56,1933226,4.88
Suggested videos,101227,9444.5019,0:05:35,2009002,2.42
Direct or unknown,51247,2542.4497,0:02:58,,
Other YouTube features,45281,2659.0667,0:03:32,,
Notifications,33977,2388.4669,0:04:13,,
Playlists,23876,1790.1686,0:04:29,393176,3.55
End screens,13187,945.5586,0:04:18,,
Shorts feed,9390,48.5794,0:00:28,,
YouTube advertising,2244,32.205,0:01:12,,
Video cards and annotations,746,41.3688,0:03:19,,
Remixed video,89,1.7169,0:01:09,,
Sound pages,32,0.24,0:00:31,,
Related Shorts,28,1.1084,0:02:22,,
Hashtag pages,27,0.1803,0:00:24,,
